Per√≠odo,"Number Of Orders, %","Number Of Orders","Produtos Vendidos",Desconto,Frete,Imposto,"Shipping Tax",Faturado,Reembolsado,SubTotal,"Total da Venda","Invoiced Cost","Gross Profit","Average Items Ordered","Average Discount","Average Subtotal","Average Shipping","Average Tax","Average Shipping Tax","Average Invoiced"
"01 Jan, 2022",0.1,16,33," -R$90,32","R$308,85","R$0,00","R$0,00","R$7.671,93",,"R$7.806,40","R$7.671,93","R$0,00","R$7.806,40",2.06," -R$5,65","R$487,90","R$19,30","R$0,00","R$0,00","R$479,50"
"02 Jan, 2022",0.1,21,52," -R$179,02","R$381,19","R$0,00","R$0,00","R$11.805,37",,"R$11.603,20","R$11.805,37","R$0,00","R$11.603,20",2.48," -R$8,52","R$552,53","R$18,15","R$0,00","R$0,00","R$562,16"
"03 Jan, 2022",0.1,30,71," -R$112,56","R$268,07","R$0,00","R$0,00","R$13.609,38",,"R$15.344,60","R$13.609,38","R$0,00","R$15.344,60",2.37," -R$3,75","R$511,49","R$8,94","R$0,00","R$0,00","R$453,65"
"04 Jan, 2022",0.2,42,91," -R$611,60","R$389,06","R$0,00","R$0,00","R$16.583,24",,"R$21.586,60","R$16.583,24","R$0,00","R$21.586,60",2.17," -R$14,56","R$513,97","R$9,26","R$0,00","R$0,00","R$394,84"
"05 Jan, 2022",0.3,66,135," -R$513,78","R$734,21","R$0,00","R$0,00","R$29.465,52",,"R$31.046,17","R$29.465,52","R$0,00","R$31.046,17",2.05," -R$7,78","R$470,40","R$11,12","R$0,00","R$0,00","R$446,45"
"06 Jan, 2022",0.2,54,114," -R$210,34","R$574,15","R$0,00","R$0,00","R$22.662,12",,"R$25.038,00","R$22.662,12","R$0,00","R$25.038,00",2.11," -R$3,90","R$463,67","R$10,63","R$0,00","R$0,00","R$419,67"
"07 Jan, 2022",0.2,42,74," -R$197,44","R$530,35","R$0,00","R$0,00","R$17.162,49",,"R$18.594,60","R$17.162,49","R$0,00","R$18.594,60",1.76," -R$4,70","R$442,73","R$12,63","R$0,00","R$0,00","R$408,63"
"08 Jan, 2022",0.1,17,44," -R$21,70","R$151,70","R$0,00","R$0,00","R$9.701,69",,"R$10.669,20","R$9.701,69","R$0,00","R$10.669,20",2.59," -R$1,28","R$627,60","R$8,92","R$0,00","R$0,00","R$570,69"
"09 Jan, 2022",0.2,37,82," -R$196,80","R$298,77","R$0,00","R$0,00","R$17.824,30",,"R$18.657,20","R$17.824,30","R$0,00","R$18.657,20",2.22," -R$5,32","R$504,25","R$8,07","R$0,00","R$0,00","R$481,74"
"10 Jan, 2022",0.2,48,94," -R$174,88","R$751,32","R$0,00","R$0,00","R$19.146,46",,"R$22.232,00","R$19.146,46","R$0,00","R$22.232,00",1.96," -R$3,64","R$463,17","R$15,65","R$0,00","R$0,00","R$398,88"
"11 Jan, 2022",0.2,35,104," -R$115,92","R$492,63","R$0,00","R$0,00","R$23.466,15",,"R$24.313,80","R$23.466,15","R$0,00","R$24.313,80",2.97," -R$3,31","R$694,68","R$14,08","R$0,00","R$0,00","R$670,46"
"12 Jan, 2022",0.3,61,123," -R$298,80","R$829,36","R$0,00","R$0,00","R$28.042,69",,"R$31.162,40","R$28.042,69","R$0,00","R$31.162,40",2.02," -R$4,90","R$510,86","R$13,60","R$0,00","R$0,00","R$459,72"
"13 Jan, 2022",0.2,52,108," -R$309,80","R$819,26","R$0,00","R$0,00","R$21.301,67",,"R$24.335,40","R$21.301,67","R$0,00","R$24.335,40",2.08," -R$5,96","R$467,99","R$15,76","R$0,00","R$0,00","R$409,65"
"14 Jan, 2022",0.2,41,92," -R$89,82","R$667,59","R$0,00","R$0,00","R$17.147,49",,"R$19.906,20","R$17.147,49","R$0,00","R$19.906,20",2.24," -R$2,19","R$485,52","R$16,28","R$0,00","R$0,00","R$418,23"
"15 Jan, 2022",0.2,40,79," -R$309,72","R$577,32","R$0,00","R$0,00","R$14.231,34",,"R$14.893,35","R$14.231,34","R$0,00","R$14.893,35",1.98," -R$7,74","R$372,33","R$14,43","R$0,00","R$0,00","R$355,78"
"16 Jan, 2022",0.2,36,89," -R$255,60","R$508,97","R$0,00","R$0,00","R$16.621,17",,"R$18.064,00","R$16.621,17","R$0,00","R$18.064,00",2.47," -R$7,10","R$501,78","R$14,14","R$0,00","R$0,00","R$461,70"
"17 Jan, 2022",0.2,36,66," -R$412,52","R$523,68","R$0,00","R$0,00","R$13.817,66",,"R$15.429,80","R$13.817,66","R$0,00","R$15.429,80",1.83," -R$11,46","R$428,61","R$14,55","R$0,00","R$0,00","R$383,82"
"18 Jan, 2022",0.2,46,101," -R$288,34","R$951,84","R$0,00","R$0,00","R$19.367,72",,"R$22.730,60","R$19.367,72","R$0,00","R$22.730,60",2.2," -R$6,27","R$494,14","R$20,69","R$0,00","R$0,00","R$421,04"
"19 Jan, 2022",1.6,338,926," -R$43.492,08","R$5.543,83","R$0,00","R$0,00","R$138.309,98",,"R$188.823,20","R$138.309,98","R$0,00","R$188.823,20",2.74," -R$128,67","R$558,65","R$16,40","R$0,00","R$0,00","R$409,20"
"20 Jan, 2022",0.7,157,449," -R$20.145,68","R$2.582,39","R$0,00","R$0,00","R$70.262,18",,"R$92.856,80","R$70.262,18","R$0,00","R$92.856,80",2.86," -R$128,32","R$591,44","R$16,45","R$0,00","R$0,00","R$447,53"
"21 Jan, 2022",0.4,96,219," -R$7.232,46","R$1.602,35","R$0,00","R$0,00","R$37.165,29",,"R$46.299,00","R$37.165,29","R$0,00","R$46.299,00",2.28," -R$75,34","R$482,28","R$16,69","R$0,00","R$0,00","R$387,14"
"22 Jan, 2022",0.4,82,191," -R$7.319,58","R$1.305,32","R$0,00","R$0,00","R$32.598,67",,"R$40.187,60","R$32.598,67","R$0,00","R$40.187,60",2.33," -R$89,26","R$490,09","R$15,92","R$0,00","R$0,00","R$397,54"
"23 Jan, 2022",0.3,64,169," -R$5.042,68","R$1.020,63","R$0,00","R$0,00","R$28.027,31",,"R$35.695,00","R$28.027,31","R$0,00","R$35.695,00",2.64," -R$78,79","R$557,73","R$15,95","R$0,00","R$0,00","R$437,93"
"24 Jan, 2022",0.4,86,183," -R$6.266,48","R$1.364,43","R$0,00","R$0,00","R$28.895,76",,"R$38.815,40","R$28.895,76","R$0,00","R$38.815,40",2.13," -R$72,87","R$451,34","R$15,87","R$0,00","R$0,00","R$336,00"
"25 Jan, 2022",0.9,186,472," -R$23.570,44","R$3.182,08","R$0,00","R$0,00","R$76.323,70",,"R$100.878,20","R$76.323,70","R$0,00","R$100.878,20",2.54," -R$126,72","R$542,36","R$17,11","R$0,00","R$0,00","R$410,34"
"26 Jan, 2022",0.9,194,519," -R$26.253,47","R$3.676,71","R$0,00","R$0,00","R$78.932,09",,"R$105.146,75","R$78.932,09","R$0,00","R$105.146,75",2.68," -R$135,33","R$541,99","R$18,95","R$0,00","R$0,00","R$406,87"
"27 Jan, 2022",0.6,128,305," -R$13.122,68","R$2.179,64","R$0,00","R$0,00","R$52.595,97",,"R$66.728,80","R$52.595,97","R$0,00","R$66.728,80",2.38," -R$102,52","R$521,32","R$17,03","R$0,00","R$0,00","R$410,91"
"28 Jan, 2022",0.4,90,206," -R$8.476,04","R$1.509,86","R$0,00","R$0,00","R$36.836,47",,"R$45.910,20","R$36.836,47","R$0,00","R$45.910,20",2.29," -R$94,18","R$510,11","R$16,78","R$0,00","R$0,00","R$409,29"
"29 Jan, 2022",0.5,98,262," -R$11.317,96","R$1.625,36","R$0,00","R$0,00","R$43.799,48",,"R$54.815,20","R$43.799,48","R$0,00","R$54.815,20",2.67," -R$115,49","R$559,34","R$16,59","R$0,00","R$0,00","R$446,93"
"30 Jan, 2022",0.4,91,231," -R$8.165,02","R$1.343,13","R$0,00","R$0,00","R$40.604,40",,"R$49.441,60","R$40.604,40","R$0,00","R$49.441,60",2.54," -R$89,73","R$543,31","R$14,76","R$0,00","R$0,00","R$446,20"
"31 Jan, 2022",0.4,89,180," -R$7.128,26","R$1.490,63","R$0,00","R$0,00","R$29.713,35",,"R$41.162,00","R$29.713,35","R$0,00","R$41.162,00",2.02," -R$80,09","R$462,49","R$16,75","R$0,00","R$0,00","R$333,86"
"01 Feb, 2022",0.4,86,183," -R$5.496,52","R$1.340,93","R$0,00","R$0,00","R$32.966,83",,"R$40.619,20","R$32.966,83","R$0,00","R$40.619,20",2.13," -R$63,91","R$472,32","R$15,59","R$0,00","R$0,00","R$383,34"
"02 Feb, 2022",0.3,64,116," -R$5.123,68","R$957,78","R$0,00","R$0,00","R$20.645,26",,"R$26.277,60","R$20.645,26","R$0,00","R$26.277,60",1.81," -R$80,06","R$410,59","R$14,97","R$0,00","R$0,00","R$322,58"
"03 Feb, 2022",0.4,85,188," -R$6.610,20","R$1.368,17","R$0,00","R$0,00","R$29.839,78",,"R$40.871,60","R$29.839,78","R$0,00","R$40.871,60",2.21," -R$77,77","R$480,84","R$16,10","R$0,00","R$0,00","R$351,06"
"04 Feb, 2022",0.3,72,161," -R$5.080,22","R$1.110,40","R$0,00","R$0,00","R$29.834,62",,"R$37.512,00","R$29.834,62","R$0,00","R$37.512,00",2.24," -R$70,56","R$521,00","R$15,42","R$0,00","R$0,00","R$414,37"
"05 Feb, 2022",0.3,70,169," -R$5.370,52","R$1.021,45","R$0,00","R$0,00","R$29.122,09",,"R$36.975,80","R$29.122,09","R$0,00","R$36.975,80",2.41," -R$76,72","R$528,23","R$14,59","R$0,00","R$0,00","R$416,03"
"06 Feb, 2022",0.4,76,176," -R$5.516,20","R$1.011,76","R$0,00","R$0,00","R$31.912,27",,"R$38.434,00","R$31.912,27","R$0,00","R$38.434,00",2.32," -R$72,58","R$505,71","R$13,31","R$0,00","R$0,00","R$419,90"
"07 Feb, 2022",0.3,70,150," -R$6.052,72","R$1.050,74","R$0,00","R$0,00","R$25.823,54",,"R$33.493,60","R$25.823,54","R$0,00","R$33.493,60",2.14," -R$86,47","R$478,48","R$15,01","R$0,00","R$0,00","R$368,91"
"08 Feb, 2022",0.3,72,146," -R$5.640,04","R$1.103,59","R$0,00","R$0,00","R$28.224,39",,"R$33.839,00","R$28.224,39","R$0,00","R$33.839,00",2.03," -R$78,33","R$469,99","R$15,33","R$0,00","R$0,00","R$392,01"
"09 Feb, 2022",0.4,76,140," -R$5.465,54","R$1.091,29","R$0,00","R$0,00","R$25.199,56",,"R$33.120,60","R$25.199,56","R$0,00","R$33.120,60",1.84," -R$71,92","R$435,80","R$14,36","R$0,00","R$0,00","R$331,57"
"10 Feb, 2022",0.4,93,201," -R$6.353,82","R$1.467,98","R$0,00","R$0,00","R$37.070,78",,"R$47.014,80","R$37.070,78","R$0,00","R$47.014,80",2.16," -R$68,32","R$505,54","R$15,78","R$0,00","R$0,00","R$398,61"
"11 Feb, 2022",0.4,82,177," -R$5.444,60","R$1.246,21","R$0,00","R$0,00","R$31.278,21",,"R$39.504,00","R$31.278,21","R$0,00","R$39.504,00",2.16," -R$66,40","R$481,76","R$15,20","R$0,00","R$0,00","R$381,44"
"12 Feb, 2022",0.3,65,144," -R$3.675,64","R$941,90","R$0,00","R$0,00","R$27.643,84",,"R$32.133,00","R$27.643,84","R$0,00","R$32.133,00",2.22," -R$56,55","R$494,35","R$14,49","R$0,00","R$0,00","R$425,29"
"13 Feb, 2022",0.4,78,172," -R$3.397,46","R$1.102,18","R$0,00","R$0,00","R$32.677,80",,"R$37.620,40","R$32.677,80","R$0,00","R$37.620,40",2.21," -R$43,56","R$482,31","R$14,13","R$0,00","R$0,00","R$418,95"
"14 Feb, 2022",0.3,57,116," -R$3.228,10","R$790,37","R$0,00","R$0,00","R$21.691,15",,"R$25.855,60","R$21.691,15","R$0,00","R$25.855,60",2.04," -R$56,63","R$453,61","R$13,87","R$0,00","R$0,00","R$380,55"
"15 Feb, 2022",0.4,83,167," -R$476,28","R$1.289,99","R$0,00","R$0,00","R$31.159,04",,"R$32.905,12","R$31.159,04","R$0,00","R$32.905,12",2.01," -R$5,74","R$396,45","R$15,54","R$0,00","R$0,00","R$375,41"
"16 Feb, 2022",0.6,133,271," -R$233,39","R$2.107,28","R$0,00","R$0,00","R$45.406,10",,"R$48.801,14","R$45.406,10","R$0,00","R$48.801,14",2.04," -R$1,75","R$366,93","R$15,84","R$0,00","R$0,00","R$341,40"
"17 Feb, 2022",0.6,127,289," -R$432,82","R$2.020,19","R$0,00","R$0,00","R$51.778,37",,"R$54.418,00","R$51.778,37","R$0,00","R$54.418,00",2.28," -R$3,41","R$428,49","R$15,91","R$0,00","R$0,00","R$407,70"
"18 Feb, 2022",0.4,97,216," -R$382,96","R$1.499,00","R$0,00","R$0,00","R$39.362,80",,"R$39.979,72","R$39.362,80","R$0,00","R$39.979,72",2.23," -R$3,95","R$412,16","R$15,45","R$0,00","R$0,00","R$405,80"
"19 Feb, 2022",0.4,78,165,"R$0,00","R$1.265,97","R$0,00","R$0,00","R$30.549,81",,"R$30.284,20","R$30.549,81","R$0,00","R$30.284,20",2.12,"R$0,00","R$388,26","R$16,23","R$0,00","R$0,00","R$391,66"
"20 Feb, 2022",0.4,86,201," -R$100,60","R$1.238,56","R$0,00","R$0,00","R$36.911,36",,"R$37.417,96","R$36.911,36","R$0,00","R$37.417,96",2.34," -R$1,17","R$435,09","R$14,40","R$0,00","R$0,00","R$429,20"
"21 Feb, 2022",0.3,75,171," -R$178,48","R$1.011,61","R$0,00","R$0,00","R$28.746,97",,"R$31.612,96","R$28.746,97","R$0,00","R$31.612,96",2.28," -R$2,38","R$421,51","R$13,49","R$0,00","R$0,00","R$383,29"
"22 Feb, 2022",0.5,117,274," -R$393,78","R$1.810,04","R$0,00","R$0,00","R$44.333,83",,"R$47.800,76","R$44.333,83","R$0,00","R$47.800,76",2.34," -R$3,37","R$408,55","R$15,47","R$0,00","R$0,00","R$378,92"
"23 Feb, 2022",0.7,155,349," -R$238,40","R$2.377,74","R$0,00","R$0,00","R$57.737,23",,"R$61.728,20","R$57.737,23","R$0,00","R$61.728,20",2.25," -R$1,54","R$398,25","R$15,34","R$0,00","R$0,00","R$372,50"
"24 Feb, 2022",0.8,179,411," -R$348,08","R$2.687,89","R$0,00","R$0,00","R$64.403,03",,"R$68.128,48","R$64.403,03","R$0,00","R$68.128,48",2.3," -R$1,94","R$380,61","R$15,02","R$0,00","R$0,00","R$359,79"
"25 Feb, 2022",0.5,109,283," -R$498,96","R$1.829,34","R$0,00","R$0,00","R$47.284,34",,"R$48.337,60","R$47.284,34","R$0,00","R$48.337,60",2.6," -R$4,58","R$443,46","R$16,78","R$0,00","R$0,00","R$433,80"
"26 Feb, 2022",0.4,82,199," -R$87,70","R$1.099,70","R$0,00","R$0,00","R$37.288,36",,"R$37.069,40","R$37.288,36","R$0,00","R$37.069,40",2.43," -R$1,07","R$452,07","R$13,41","R$0,00","R$0,00","R$454,74"
"27 Feb, 2022",0.5,100,269," -R$948,06","R$1.848,11","R$0,00","R$0,00","R$46.953,65",,"R$47.131,00","R$46.953,65","R$0,00","R$47.131,00",2.69," -R$9,48","R$471,31","R$18,48","R$0,00","R$0,00","R$469,54"
"28 Feb, 2022",0.3,65,137," -R$123,84","R$1.007,18","R$0,00","R$0,00","R$24.036,78",,"R$24.287,16","R$24.036,78","R$0,00","R$24.287,16",2.11," -R$1,91","R$373,65","R$15,50","R$0,00","R$0,00","R$369,80"
"01 Mar, 2022",0.4,88,194," -R$222,58","R$1.221,17","R$0,00","R$0,00","R$36.375,53",,"R$36.037,36","R$36.375,53","R$0,00","R$36.037,36",2.2," -R$2,53","R$409,52","R$13,88","R$0,00","R$0,00","R$413,36"
"02 Mar, 2022",0.4,83,184," -R$356,22","R$1.168,08","R$0,00","R$0,00","R$32.214,81",,"R$34.751,04","R$32.214,81","R$0,00","R$34.751,04",2.22," -R$4,29","R$418,69","R$14,07","R$0,00","R$0,00","R$388,13"
"03 Mar, 2022",0.5,98,220," -R$353,96","R$1.471,23","R$0,00","R$0,00","R$40.495,93",,"R$42.809,52","R$40.495,93","R$0,00","R$42.809,52",2.24," -R$3,61","R$436,83","R$15,01","R$0,00","R$0,00","R$413,22"
"04 Mar, 2022",0.4,80,171," -R$386,40","R$1.170,05","R$0,00","R$0,00","R$28.997,11",,"R$31.634,64","R$28.997,11","R$0,00","R$31.634,64",2.14," -R$4,83","R$395,43","R$14,63","R$0,00","R$0,00","R$362,46"
"05 Mar, 2022",0.4,82,210," -R$169,02","R$1.236,06","R$0,00","R$0,00","R$41.885,41",,"R$42.695,08","R$41.885,41","R$0,00","R$42.695,08",2.56," -R$2,06","R$520,67","R$15,07","R$0,00","R$0,00","R$510,80"
"06 Mar, 2022",0.5,101,219," -R$176,58","R$1.480,12","R$0,00","R$0,00","R$41.977,54",,"R$43.543,68","R$41.977,54","R$0,00","R$43.543,68",2.17," -R$1,75","R$431,13","R$14,65","R$0,00","R$0,00","R$415,62"
"07 Mar, 2022",0.5,111,256," -R$923,20","R$1.982,09","R$0,00","R$0,00","R$44.968,03",,"R$46.636,03","R$44.968,03","R$0,00","R$46.636,03",2.31," -R$8,32","R$420,14","R$17,86","R$0,00","R$0,00","R$405,12"
"08 Mar, 2022",0.6,120,293," -R$832,95","R$1.938,25","R$0,00","R$0,00","R$52.463,57",,"R$54.976,17","R$52.463,57","R$0,00","R$54.976,17",2.44," -R$6,94","R$458,13","R$16,15","R$0,00","R$0,00","R$437,20"
"09 Mar, 2022",0.5,101,234," -R$389,14","R$1.532,96","R$0,00","R$0,00","R$43.188,19",,"R$44.352,88","R$43.188,19","R$0,00","R$44.352,88",2.32," -R$3,85","R$439,14","R$15,18","R$0,00","R$0,00","R$427,61"
"10 Mar, 2022",0.5,119,327," -R$257,64","R$2.229,28","R$0,00","R$0,00","R$59.914,26",,"R$60.284,52","R$59.914,26","R$0,00","R$60.284,52",2.75," -R$2,17","R$506,59","R$18,73","R$0,00","R$0,00","R$503,48"
"11 Mar, 2022",0.5,116,278," -R$733,74","R$1.837,42","R$0,00","R$0,00","R$50.184,10",,"R$51.808,64","R$50.184,10","R$0,00","R$51.808,64",2.4," -R$6,33","R$446,63","R$15,84","R$0,00","R$0,00","R$432,62"
"12 Mar, 2022",0.4,78,174," -R$215,72","R$1.111,57","R$0,00","R$0,00","R$31.906,96",,"R$32.174,34","R$31.906,96","R$0,00","R$32.174,34",2.23," -R$2,77","R$412,49","R$14,25","R$0,00","R$0,00","R$409,06"
"13 Mar, 2022",0.5,109,230," -R$368,93","R$1.665,29","R$0,00","R$0,00","R$47.159,09",,"R$46.429,37","R$47.159,09","R$0,00","R$46.429,37",2.11," -R$3,38","R$425,96","R$15,28","R$0,00","R$0,00","R$432,65"
"14 Mar, 2022",0.5,118,243," -R$451,50","R$1.776,71","R$0,00","R$0,00","R$44.376,88",,"R$48.150,20","R$44.376,88","R$0,00","R$48.150,20",2.06," -R$3,83","R$408,05","R$15,06","R$0,00","R$0,00","R$376,08"
"15 Mar, 2022",0.6,125,305," -R$614,88","R$1.865,03","R$0,00","R$0,00","R$61.223,42",,"R$62.467,48","R$61.223,42","R$0,00","R$62.467,48",2.44," -R$4,92","R$499,74","R$14,92","R$0,00","R$0,00","R$489,79"
"16 Mar, 2022",0.6,130,285," -R$288,32","R$515,32","R$0,00","R$0,00","R$51.960,21",,"R$59.444,12","R$51.960,21","R$0,00","R$59.444,12",2.19," -R$2,22","R$457,26","R$3,96","R$0,00","R$0,00","R$399,69"
"17 Mar, 2022",0.5,106,225," -R$226,60","R$438,29","R$0,00","R$0,00","R$43.005,47",,"R$47.699,30","R$43.005,47","R$0,00","R$47.699,30",2.12," -R$2,14","R$449,99","R$4,13","R$0,00","R$0,00","R$405,71"
"18 Mar, 2022",0.5,104,193," -R$384,46","R$612,39","R$0,00","R$0,00","R$37.548,08",,"R$41.068,50","R$37.548,08","R$0,00","R$41.068,50",1.86," -R$3,70","R$394,89","R$5,89","R$0,00","R$0,00","R$361,04"
"19 Mar, 2022",0.4,83,203," -R$447,00","R$1.207,50","R$0,00","R$0,00","R$39.221,29",,"R$40.204,13","R$39.221,29","R$0,00","R$40.204,13",2.45," -R$5,39","R$484,39","R$14,55","R$0,00","R$0,00","R$472,55"
"20 Mar, 2022",0.4,78,179," -R$239,63","R$1.180,56","R$0,00","R$0,00","R$36.311,16",,"R$36.603,90","R$36.311,16","R$0,00","R$36.603,90",2.29," -R$3,07","R$469,28","R$15,14","R$0,00","R$0,00","R$465,53"
"21 Mar, 2022",0.3,63,132," -R$224,79","R$691,01","R$0,00","R$0,00","R$26.023,34",,"R$27.333,07","R$26.023,34","R$0,00","R$27.333,07",2.1," -R$3,57","R$433,86","R$10,97","R$0,00","R$0,00","R$413,07"
"22 Mar, 2022",0.4,79,144," -R$720,80","R$1.165,25","R$0,00","R$0,00","R$28.232,06",,"R$31.186,90","R$28.232,06","R$0,00","R$31.186,90",1.82," -R$9,12","R$394,77","R$14,75","R$0,00","R$0,00","R$357,37"
"23 Mar, 2022",0.4,96,234," -R$1.156,74","R$1.324,73","R$0,00","R$0,00","R$44.786,65",,"R$50.727,87","R$44.786,65","R$0,00","R$50.727,87",2.44," -R$12,05","R$528,42","R$13,80","R$0,00","R$0,00","R$466,53"
"24 Mar, 2022",0.4,82,171," -R$496,62","R$1.089,94","R$0,00","R$0,00","R$33.290,02",,"R$36.604,52","R$33.290,02","R$0,00","R$36.604,52",2.09," -R$6,06","R$446,40","R$13,29","R$0,00","R$0,00","R$405,98"
"25 Mar, 2022",0.4,81,168," -R$457,69","R$1.099,89","R$0,00","R$0,00","R$35.828,34",,"R$36.491,60","R$35.828,34","R$0,00","R$36.491,60",2.07," -R$5,65","R$450,51","R$13,58","R$0,00","R$0,00","R$442,33"
"26 Mar, 2022",0.3,61,150," -R$371,25","R$1.067,22","R$0,00","R$0,00","R$27.112,49",,"R$30.352,88","R$27.112,49","R$0,00","R$30.352,88",2.46," -R$6,09","R$497,59","R$17,50","R$0,00","R$0,00","R$444,47"
"27 Mar, 2022",0.3,74,138," -R$203,74","R$1.016,14","R$0,00","R$0,00","R$29.024,60",,"R$29.095,45","R$29.024,60","R$0,00","R$29.095,45",1.86," -R$2,75","R$393,18","R$13,73","R$0,00","R$0,00","R$392,22"
"28 Mar, 2022",0.3,66,122," -R$280,17","R$953,93","R$0,00","R$0,00","R$25.887,73",,"R$28.166,13","R$25.887,73","R$0,00","R$28.166,13",1.85," -R$4,25","R$426,76","R$14,45","R$0,00","R$0,00","R$392,24"
"29 Mar, 2022",0.4,84,157," -R$262,68","R$1.205,29","R$0,00","R$0,00","R$29.542,64",,"R$33.315,51","R$29.542,64","R$0,00","R$33.315,51",1.87," -R$3,13","R$396,61","R$14,35","R$0,00","R$0,00","R$351,70"
"30 Mar, 2022",0.5,103,210," -R$532,95","R$1.488,04","R$0,00","R$0,00","R$44.016,45",,"R$47.371,06","R$44.016,45","R$0,00","R$47.371,06",2.04," -R$5,17","R$459,91","R$14,45","R$0,00","R$0,00","R$427,34"
"31 Mar, 2022",0.3,75,144," -R$423,07","R$1.027,63","R$0,00","R$0,00","R$27.611,98",,"R$32.454,30","R$27.611,98","R$0,00","R$32.454,30",1.92," -R$5,64","R$432,72","R$13,70","R$0,00","R$0,00","R$368,16"
"01 Apr, 2022",0.3,59,108," -R$29,70","R$770,52","R$0,00","R$0,00","R$22.308,72",,"R$23.792,48","R$22.308,72","R$0,00","R$23.792,48",1.83," -R$0,50","R$403,26","R$13,06","R$0,00","R$0,00","R$378,11"
"02 Apr, 2022",0.2,53,116," -R$519,09","R$743,69","R$0,00","R$0,00","R$22.970,58",,"R$25.057,20","R$22.970,58","R$0,00","R$25.057,20",2.19," -R$9,79","R$472,78","R$14,03","R$0,00","R$0,00","R$433,41"
"03 Apr, 2022",0.3,64,144," -R$233,47","R$773,33","R$0,00","R$0,00","R$30.220,95",,"R$30.445,12","R$30.220,95","R$0,00","R$30.445,12",2.25," -R$3,65","R$475,71","R$12,08","R$0,00","R$0,00","R$472,20"
"04 Apr, 2022",0.3,72,135," -R$420,80","R$1.033,83","R$0,00","R$0,00","R$32.409,70",,"R$32.579,43","R$32.409,70","R$0,00","R$32.579,43",1.88," -R$5,84","R$452,49","R$14,36","R$0,00","R$0,00","R$450,13"
"05 Apr, 2022",0.3,69,141," -R$110,30","R$900,26","R$0,00","R$0,00","R$28.466,90",,"R$32.363,91","R$28.466,90","R$0,00","R$32.363,91",2.04," -R$1,60","R$469,04","R$13,05","R$0,00","R$0,00","R$412,56"
"06 Apr, 2022",0.4,80,137," -R$222,22","R$1.094,72","R$0,00","R$0,00","R$28.930,01",,"R$31.807,90","R$28.930,01","R$0,00","R$31.807,90",1.71," -R$2,78","R$397,60","R$13,68","R$0,00","R$0,00","R$361,63"
"07 Apr, 2022",0.4,77,170," -R$432,59","R$979,44","R$0,00","R$0,00","R$34.022,16",,"R$37.675,62","R$34.022,16","R$0,00","R$37.675,62",2.21," -R$5,62","R$489,29","R$12,72","R$0,00","R$0,00","R$441,85"
"08 Apr, 2022",0.4,91,178," -R$350,80","R$1.238,86","R$0,00","R$0,00","R$32.233,88",,"R$35.645,76","R$32.233,88","R$0,00","R$35.645,76",1.96," -R$3,85","R$391,71","R$13,61","R$0,00","R$0,00","R$354,22"
"09 Apr, 2022",0.3,62,151," -R$720,62","R$799,44","R$0,00","R$0,00","R$33.361,48",,"R$34.094,79","R$33.361,48","R$0,00","R$34.094,79",2.44," -R$11,62","R$549,92","R$12,89","R$0,00","R$0,00","R$538,09"
"10 Apr, 2022",0.3,65,149," -R$515,32","R$1.080,29","R$0,00","R$0,00","R$32.125,66",,"R$31.560,69","R$32.125,66","R$0,00","R$31.560,69",2.29," -R$7,93","R$485,55","R$16,62","R$0,00","R$0,00","R$494,24"
"11 Apr, 2022",0.4,76,141," -R$246,83","R$1.082,40","R$0,00","R$0,00","R$26.137,67",,"R$28.607,90","R$26.137,67","R$0,00","R$28.607,90",1.86," -R$3,25","R$376,42","R$14,24","R$0,00","R$0,00","R$343,92"
"12 Apr, 2022",0.3,69,147," -R$164,00","R$878,20","R$0,00","R$0,00","R$28.883,31",,"R$29.666,17","R$28.883,31","R$0,00","R$29.666,17",2.13," -R$2,38","R$429,94","R$12,73","R$0,00","R$0,00","R$418,60"
"13 Apr, 2022",0.3,61,110," -R$58,50","R$879,83","R$0,00","R$0,00","R$20.182,30",,"R$21.474,11","R$20.182,30","R$0,00","R$21.474,11",1.8," -R$0,96","R$352,03","R$14,42","R$0,00","R$0,00","R$330,86"
"14 Apr, 2022",0.3,68,159," -R$507,60","R$873,59","R$0,00","R$0,00","R$33.858,28",,"R$34.964,91","R$33.858,28","R$0,00","R$34.964,91",2.34," -R$7,46","R$514,19","R$12,85","R$0,00","R$0,00","R$497,92"
"15 Apr, 2022",0.3,66,151," -R$468,00","R$925,39","R$0,00","R$0,00","R$34.637,50",,"R$35.228,09","R$34.637,50","R$0,00","R$35.228,09",2.29," -R$7,09","R$533,76","R$14,02","R$0,00","R$0,00","R$524,81"
"16 Apr, 2022",0.2,51,116," -R$284,30","R$678,52","R$0,00","R$0,00","R$22.230,57",,"R$24.502,57","R$22.230,57","R$0,00","R$24.502,57",2.27," -R$5,57","R$480,44","R$13,30","R$0,00","R$0,00","R$435,89"
"17 Apr, 2022",0.2,54,114," -R$89,80","R$830,35","R$0,00","R$0,00","R$22.559,88",,"R$22.226,88","R$22.559,88","R$0,00","R$22.226,88",2.11," -R$1,66","R$411,61","R$15,38","R$0,00","R$0,00","R$417,78"
"18 Apr, 2022",0.3,75,145," -R$198,85","R$998,68","R$0,00","R$0,00","R$27.131,92",,"R$30.391,89","R$27.131,92","R$0,00","R$30.391,89",1.93," -R$2,65","R$405,23","R$13,32","R$0,00","R$0,00","R$361,76"
"19 Apr, 2022",0.3,56,101," -R$199,25","R$885,05","R$0,00","R$0,00","R$20.021,23",,"R$21.026,78","R$20.021,23","R$0,00","R$21.026,78",1.8," -R$3,56","R$375,48","R$15,80","R$0,00","R$0,00","R$357,52"
"20 Apr, 2022",0.3,69,164," -R$217,64","R$968,31","R$0,00","R$0,00","R$32.674,73",,"R$35.037,12","R$32.674,73","R$0,00","R$35.037,12",2.38," -R$3,15","R$507,78","R$14,03","R$0,00","R$0,00","R$473,55"
"21 Apr, 2022",0.3,72,183," -R$237,11","R$1.133,34","R$0,00","R$0,00","R$32.834,68",,"R$34.883,18","R$32.834,68","R$0,00","R$34.883,18",2.54," -R$3,29","R$484,49","R$15,74","R$0,00","R$0,00","R$456,04"
"22 Apr, 2022",0.2,53,104," -R$143,36","R$644,20","R$0,00","R$0,00","R$20.737,90",,"R$23.593,22","R$20.737,90","R$0,00","R$23.593,22",1.96," -R$2,70","R$445,16","R$12,15","R$0,00","R$0,00","R$391,28"
"23 Apr, 2022",0.2,52,118," -R$27,34","R$630,33","R$0,00","R$0,00","R$24.778,95",,"R$24.616,66","R$24.778,95","R$0,00","R$24.616,66",2.27," -R$0,53","R$473,40","R$12,12","R$0,00","R$0,00","R$476,52"
"24 Apr, 2022",0.2,46,89," -R$181,24","R$570,60","R$0,00","R$0,00","R$18.979,22",,"R$19.981,50","R$18.979,22","R$0,00","R$19.981,50",1.93," -R$3,94","R$434,38","R$12,40","R$0,00","R$0,00","R$412,59"
"25 Apr, 2022",0.2,51,96," -R$236,12","R$500,24","R$0,00","R$0,00","R$18.710,57",,"R$20.346,80","R$18.710,57","R$0,00","R$20.346,80",1.88," -R$4,63","R$398,96","R$9,81","R$0,00","R$0,00","R$366,87"
"26 Apr, 2022",0.3,59,121," -R$215,30","R$720,23","R$0,00","R$0,00","R$26.564,54",,"R$28.269,61","R$26.564,54","R$0,00","R$28.269,61",2.05," -R$3,65","R$479,15","R$12,21","R$0,00","R$0,00","R$450,25"
"27 Apr, 2022",0.3,66,144," -R$738,16","R$657,92","R$0,00","R$0,00","R$30.864,41",,"R$34.433,17","R$30.864,41","R$0,00","R$34.433,17",2.18," -R$11,18","R$521,71","R$9,97","R$0,00","R$0,00","R$467,64"
"28 Apr, 2022",0.3,55,142," -R$392,30","R$742,53","R$0,00","R$0,00","R$28.847,00",,"R$31.973,70","R$28.847,00","R$0,00","R$31.973,70",2.58," -R$7,13","R$581,34","R$13,50","R$0,00","R$0,00","R$524,49"
"29 Apr, 2022",0.3,61,119," -R$285,10","R$554,53","R$0,00","R$0,00","R$28.267,02",,"R$30.515,66","R$28.267,02","R$0,00","R$30.515,66",1.95," -R$4,67","R$500,26","R$9,09","R$0,00","R$0,00","R$463,39"
"30 Apr, 2022",0.2,48,99," -R$272,46","R$476,84","R$0,00","R$0,00","R$21.612,65",,"R$22.495,13","R$21.612,65","R$0,00","R$22.495,13",2.06," -R$5,68","R$468,65","R$9,93","R$0,00","R$0,00","R$450,26"
"01 May, 2022",0.3,55,130," -R$222,68","R$708,33","R$0,00","R$0,00","R$27.253,52",,"R$28.942,20","R$27.253,52","R$0,00","R$28.942,20",2.36," -R$4,05","R$526,22","R$12,88","R$0,00","R$0,00","R$495,52"
"02 May, 2022",0.2,52,94," -R$178,40","R$641,66","R$0,00","R$0,00","R$18.999,68",,"R$22.194,66","R$18.999,68","R$0,00","R$22.194,66",1.81," -R$3,43","R$426,82","R$12,34","R$0,00","R$0,00","R$365,38"
"03 May, 2022",0.3,74,171," -R$630,54","R$1.036,71","R$0,00","R$0,00","R$36.905,76",,"R$39.674,16","R$36.905,76","R$0,00","R$39.674,16",2.31," -R$8,52","R$536,14","R$14,01","R$0,00","R$0,00","R$498,73"
"04 May, 2022",0.3,61,129," -R$365,50","R$707,03","R$0,00","R$0,00","R$28.206,35",,"R$31.394,45","R$28.206,35","R$0,00","R$31.394,45",2.11," -R$5,99","R$514,66","R$11,59","R$0,00","R$0,00","R$462,40"
"05 May, 2022",0.3,63,142," -R$286,66","R$479,90","R$0,00","R$0,00","R$29.820,81",,"R$36.063,30","R$29.820,81","R$0,00","R$36.063,30",2.25," -R$4,55","R$572,43","R$7,62","R$0,00","R$0,00","R$473,35"
"06 May, 2022",0.2,50,102," -R$351,52","R$508,45","R$0,00","R$0,00","R$23.955,21",,"R$25.119,73","R$23.955,21","R$0,00","R$25.119,73",2.04," -R$7,03","R$502,39","R$10,17","R$0,00","R$0,00","R$479,10"
"07 May, 2022",0.2,47,111," -R$128,70","R$491,44","R$0,00","R$0,00","R$23.414,92",,"R$24.478,66","R$23.414,92","R$0,00","R$24.478,66",2.36," -R$2,74","R$520,82","R$10,46","R$0,00","R$0,00","R$498,19"
"08 May, 2022",0.2,37,74," -R$45,15","R$422,38","R$0,00","R$0,00","R$18.199,00",,"R$18.091,96","R$18.199,00","R$0,00","R$18.091,96",2," -R$1,22","R$488,97","R$11,42","R$0,00","R$0,00","R$491,86"
"09 May, 2022",0.2,50,90," -R$308,35","R$655,10","R$0,00","R$0,00","R$19.185,39",,"R$20.933,54","R$19.185,39","R$0,00","R$20.933,54",1.8," -R$6,17","R$418,67","R$13,10","R$0,00","R$0,00","R$383,71"
"10 May, 2022",0.3,65,144," -R$294,32","R$870,67","R$0,00","R$0,00","R$28.572,93",,"R$31.299,16","R$28.572,93","R$0,00","R$31.299,16",2.22," -R$4,53","R$481,53","R$13,39","R$0,00","R$0,00","R$439,58"
"11 May, 2022",0.2,49,96," -R$429,13","R$739,58","R$0,00","R$0,00","R$23.353,38",,"R$25.042,68","R$23.353,38","R$0,00","R$25.042,68",1.96," -R$8,76","R$511,08","R$15,09","R$0,00","R$0,00","R$476,60"
"12 May, 2022",0.3,74,166," -R$601,41","R$671,88","R$0,00","R$0,00","R$35.560,89",,"R$41.464,39","R$35.560,89","R$0,00","R$41.464,39",2.24," -R$8,13","R$560,33","R$9,08","R$0,00","R$0,00","R$480,55"
"13 May, 2022",0.3,67,181," -R$235,94","R$830,63","R$0,00","R$0,00","R$41.743,26",,"R$43.040,01","R$41.743,26","R$0,00","R$43.040,01",2.7," -R$3,52","R$642,39","R$12,40","R$0,00","R$0,00","R$623,03"
"14 May, 2022",0.2,48,94," -R$42,90","R$645,84","R$0,00","R$0,00","R$22.995,29",,"R$25.408,19","R$22.995,29","R$0,00","R$25.408,19",1.96," -R$0,89","R$529,34","R$13,46","R$0,00","R$0,00","R$479,07"
"15 May, 2022",0.2,44,99,"R$0,00","R$468,43","R$0,00","R$0,00","R$23.476,56",,"R$24.452,59","R$23.476,56","R$0,00","R$24.452,59",2.25,"R$0,00","R$555,74","R$10,65","R$0,00","R$0,00","R$533,56"
"16 May, 2022",0.3,69,142," -R$592,82","R$820,66","R$0,00","R$0,00","R$33.551,04",,"R$35.710,77","R$33.551,04","R$0,00","R$35.710,77",2.06," -R$8,59","R$517,55","R$11,89","R$0,00","R$0,00","R$486,25"
"17 May, 2022",0.2,40,93," -R$93,51","R$640,05","R$0,00","R$0,00","R$22.293,28",,"R$22.804,43","R$22.293,28","R$0,00","R$22.804,43",2.33," -R$2,34","R$570,11","R$16,00","R$0,00","R$0,00","R$557,33"
"18 May, 2022",0.3,67,132," -R$430,66","R$682,74","R$0,00","R$0,00","R$37.868,45",,"R$40.266,57","R$37.868,45","R$0,00","R$40.266,57",1.97," -R$6,43","R$600,99","R$10,19","R$0,00","R$0,00","R$565,20"
"19 May, 2022",0.2,50,118," -R$276,66","R$676,37","R$0,00","R$0,00","R$30.915,35",,"R$33.244,98","R$30.915,35","R$0,00","R$33.244,98",2.36," -R$5,53","R$664,90","R$13,53","R$0,00","R$0,00","R$618,31"
"20 May, 2022",0.3,60,133," -R$519,96","R$829,99","R$0,00","R$0,00","R$34.250,87",,"R$36.204,35","R$34.250,87","R$0,00","R$36.204,35",2.22," -R$8,67","R$603,41","R$13,83","R$0,00","R$0,00","R$570,85"
"21 May, 2022",0.2,44,86," -R$308,98","R$632,54","R$0,00","R$0,00","R$18.635,68",,"R$19.956,21","R$18.635,68","R$0,00","R$19.956,21",1.95," -R$7,02","R$453,55","R$14,38","R$0,00","R$0,00","R$423,54"
"22 May, 2022",0.2,33,89," -R$131,31","R$524,38","R$0,00","R$0,00","R$23.397,78",,"R$23.926,85","R$23.397,78","R$0,00","R$23.926,85",2.7," -R$3,98","R$725,06","R$15,89","R$0,00","R$0,00","R$709,02"
"23 May, 2022",0.2,49,92," -R$526,30","R$606,14","R$0,00","R$0,00","R$23.309,42",,"R$25.773,40","R$23.309,42","R$0,00","R$25.773,40",1.88," -R$10,74","R$525,99","R$12,37","R$0,00","R$0,00","R$475,70"
"24 May, 2022",0.2,39,70," -R$110,61","R$391,71","R$0,00","R$0,00","R$13.682,03",,"R$17.646,05","R$13.682,03","R$0,00","R$17.646,05",1.79," -R$2,84","R$452,46","R$10,04","R$0,00","R$0,00","R$350,82"
"25 May, 2022",0.3,58,110," -R$413,54","R$680,44","R$0,00","R$0,00","R$27.740,81",,"R$30.179,85","R$27.740,81","R$0,00","R$30.179,85",1.9," -R$7,13","R$520,34","R$11,73","R$0,00","R$0,00","R$478,29"
"26 May, 2022",0.2,53,108," -R$310,10","R$794,83","R$0,00","R$0,00","R$25.077,75",,"R$28.833,20","R$25.077,75","R$0,00","R$28.833,20",2.04," -R$5,85","R$544,02","R$15,00","R$0,00","R$0,00","R$473,17"
"27 May, 2022",0.2,47,97," -R$89,00","R$417,22","R$0,00","R$0,00","R$23.516,23",,"R$24.726,74","R$23.516,23","R$0,00","R$24.726,74",2.06," -R$1,89","R$526,10","R$8,88","R$0,00","R$0,00","R$500,35"
"28 May, 2022",0.2,38,73," -R$152,40","R$325,47","R$0,00","R$0,00","R$18.355,38",,"R$19.654,14","R$18.355,38","R$0,00","R$19.654,14",1.92," -R$4,01","R$517,21","R$8,57","R$0,00","R$0,00","R$483,04"
"29 May, 2022",0.2,42,104," -R$185,01","R$299,82","R$0,00","R$0,00","R$27.332,60",,"R$28.745,77","R$27.332,60","R$0,00","R$28.745,77",2.48," -R$4,41","R$684,42","R$7,14","R$0,00","R$0,00","R$650,78"
"30 May, 2022",0.2,48,107," -R$463,36","R$665,47","R$0,00","R$0,00","R$26.377,72",,"R$26.421,74","R$26.377,72","R$0,00","R$26.421,74",2.23," -R$9,65","R$550,45","R$13,86","R$0,00","R$0,00","R$549,54"
"31 May, 2022",0.4,80,168," -R$295,50","R$921,94","R$0,00","R$0,00","R$39.946,29",,"R$45.298,94","R$39.946,29","R$0,00","R$45.298,94",2.1," -R$3,69","R$566,24","R$11,52","R$0,00","R$0,00","R$499,33"
"01 Jun, 2022",0.2,50,100," -R$380,80","R$541,55","R$0,00","R$0,00","R$24.633,88",,"R$28.166,89","R$24.633,88","R$0,00","R$28.166,89",2," -R$7,62","R$563,34","R$10,83","R$0,00","R$0,00","R$492,68"
"02 Jun, 2022",0.2,45,82," -R$191,86","R$486,79","R$0,00","R$0,00","R$21.866,10",,"R$23.540,52","R$21.866,10","R$0,00","R$23.540,52",1.82," -R$4,26","R$523,12","R$10,82","R$0,00","R$0,00","R$485,91"
"03 Jun, 2022",0.2,42,91," -R$193,70","R$605,46","R$0,00","R$0,00","R$21.596,13",,"R$24.034,37","R$21.596,13","R$0,00","R$24.034,37",2.17," -R$4,61","R$572,25","R$14,42","R$0,00","R$0,00","R$514,19"
"04 Jun, 2022",0.2,48,102," -R$166,60","R$631,44","R$0,00","R$0,00","R$26.559,52",,"R$27.318,95","R$26.559,52","R$0,00","R$27.318,95",2.13," -R$3,47","R$569,14","R$13,16","R$0,00","R$0,00","R$553,32"
"05 Jun, 2022",0.2,47,113," -R$99,85","R$472,04","R$0,00","R$0,00","R$29.466,97",,"R$30.744,38","R$29.466,97","R$0,00","R$30.744,38",2.4," -R$2,12","R$654,14","R$10,04","R$0,00","R$0,00","R$626,96"
"06 Jun, 2022",0.2,54,123," -R$341,15","R$755,34","R$0,00","R$0,00","R$31.101,20",,"R$34.525,17","R$31.101,20","R$0,00","R$34.525,17",2.28," -R$6,32","R$639,36","R$13,99","R$0,00","R$0,00","R$575,95"
"07 Jun, 2022",0.7,148,336," -R$1.404,04","R$1.709,55","R$0,00","R$0,00","R$71.207,13",,"R$76.722,17","R$71.207,13","R$0,00","R$76.722,17",2.27," -R$9,49","R$518,39","R$11,55","R$0,00","R$0,00","R$481,13"
"08 Jun, 2022",0.5,98,244," -R$392,19","R$927,40","R$0,00","R$0,00","R$50.443,80",,"R$53.369,11","R$50.443,80","R$0,00","R$53.369,11",2.49," -R$4,00","R$544,58","R$9,46","R$0,00","R$0,00","R$514,73"
"09 Jun, 2022",0.3,68,145," -R$461,76","R$604,27","R$0,00","R$0,00","R$30.938,32",,"R$36.396,72","R$30.938,32","R$0,00","R$36.396,72",2.13," -R$6,79","R$535,25","R$8,89","R$0,00","R$0,00","R$454,98"
"10 Jun, 2022",0.3,62,143," -R$272,50","R$721,51","R$0,00","R$0,00","R$31.316,11",,"R$33.153,55","R$31.316,11","R$0,00","R$33.153,55",2.31," -R$4,40","R$534,73","R$11,64","R$0,00","R$0,00","R$505,10"
"11 Jun, 2022",0.3,59,158," -R$504,32","R$443,79","R$0,00","R$0,00","R$34.654,71",,"R$35.913,55","R$34.654,71","R$0,00","R$35.913,55",2.68," -R$8,55","R$608,70","R$7,52","R$0,00","R$0,00","R$587,37"
"12 Jun, 2022",0.3,65,141," -R$439,44","R$685,30","R$0,00","R$0,00","R$30.972,65",,"R$33.367,76","R$30.972,65","R$0,00","R$33.367,76",2.17," -R$6,76","R$513,35","R$10,54","R$0,00","R$0,00","R$476,50"
"13 Jun, 2022",0.2,49,111," -R$664,79","R$678,52","R$0,00","R$0,00","R$23.025,62",,"R$25.252,92","R$23.025,62","R$0,00","R$25.252,92",2.27," -R$13,57","R$515,37","R$13,85","R$0,00","R$0,00","R$469,91"
"14 Jun, 2022",0.2,39,56," -R$271,48","R$443,58","R$0,00","R$0,00","R$12.587,27",,"R$15.132,94","R$12.587,27","R$0,00","R$15.132,94",1.44," -R$6,96","R$388,02","R$11,37","R$0,00","R$0,00","R$322,75"
"15 Jun, 2022",0.3,58,120," -R$390,17","R$835,72","R$0,00","R$0,00","R$27.989,70",,"R$29.258,59","R$27.989,70","R$0,00","R$29.258,59",2.07," -R$6,73","R$504,46","R$14,41","R$0,00","R$0,00","R$482,58"
"16 Jun, 2022",0.3,70,155," -R$506,91","R$1.156,78","R$0,00","R$0,00","R$36.629,10",,"R$40.331,31","R$36.629,10","R$0,00","R$40.331,31",2.21," -R$7,24","R$576,16","R$16,53","R$0,00","R$0,00","R$523,27"
"17 Jun, 2022",0.2,51,96," -R$289,70","R$726,81","R$0,00","R$0,00","R$21.399,39",,"R$24.290,93","R$21.399,39","R$0,00","R$24.290,93",1.88," -R$5,68","R$476,29","R$14,25","R$0,00","R$0,00","R$419,60"
"18 Jun, 2022",0.2,48,109," -R$376,44","R$839,12","R$0,00","R$0,00","R$24.295,17",,"R$25.836,80","R$24.295,17","R$0,00","R$25.836,80",2.27," -R$7,84","R$538,27","R$17,48","R$0,00","R$0,00","R$506,15"
"19 Jun, 2022",0.2,38,79," -R$251,40","R$585,47","R$0,00","R$0,00","R$16.992,23",,"R$19.820,34","R$16.992,23","R$0,00","R$19.820,34",2.08," -R$6,62","R$521,59","R$15,41","R$0,00","R$0,00","R$447,16"
"20 Jun, 2022",0.2,50,102," -R$413,32","R$561,51","R$0,00","R$0,00","R$25.560,22",,"R$27.081,65","R$25.560,22","R$0,00","R$27.081,65",2.04," -R$8,27","R$541,63","R$11,23","R$0,00","R$0,00","R$511,20"
"21 Jun, 2022",0.2,38,69," -R$359,36","R$497,08","R$0,00","R$0,00","R$15.542,45",,"R$17.050,00","R$15.542,45","R$0,00","R$17.050,00",1.82," -R$9,46","R$448,68","R$13,08","R$0,00","R$0,00","R$409,01"
"22 Jun, 2022",0.2,35,87," -R$156,79","R$415,27","R$0,00","R$0,00","R$19.021,38",,"R$21.379,91","R$19.021,38","R$0,00","R$21.379,91",2.49," -R$4,48","R$610,85","R$11,86","R$0,00","R$0,00","R$543,47"
"23 Jun, 2022",0.3,57,128," -R$183,10","R$963,66","R$0,00","R$0,00","R$28.306,27",,"R$29.709,78","R$28.306,27","R$0,00","R$29.709,78",2.25," -R$3,21","R$521,22","R$16,91","R$0,00","R$0,00","R$496,60"
"24 Jun, 2022",0.2,38,85," -R$148,44","R$498,03","R$0,00","R$0,00","R$18.020,72",,"R$19.197,90","R$18.020,72","R$0,00","R$19.197,90",2.24," -R$3,91","R$505,21","R$13,11","R$0,00","R$0,00","R$474,23"
"25 Jun, 2022",0.1,29,88,"R$0,00","R$415,70","R$0,00","R$0,00","R$20.574,32",,"R$20.976,81","R$20.574,32","R$0,00","R$20.976,81",3.03,"R$0,00","R$723,34","R$14,33","R$0,00","R$0,00","R$709,46"
"26 Jun, 2022",0.2,43,88," -R$255,48","R$499,64","R$0,00","R$0,00","R$19.882,08",,"R$21.088,29","R$19.882,08","R$0,00","R$21.088,29",2.05," -R$5,94","R$490,43","R$11,62","R$0,00","R$0,00","R$462,37"
"27 Jun, 2022",0.2,45,106," -R$533,72","R$598,98","R$0,00","R$0,00","R$23.068,65",,"R$24.792,08","R$23.068,65","R$0,00","R$24.792,08",2.36," -R$11,86","R$550,94","R$13,31","R$0,00","R$0,00","R$512,64"
"28 Jun, 2022",0.1,31,63," -R$256,48","R$395,07","R$0,00","R$0,00","R$15.489,79",,"R$16.447,69","R$15.489,79","R$0,00","R$16.447,69",2.03," -R$8,27","R$530,57","R$12,74","R$0,00","R$0,00","R$499,67"
"29 Jun, 2022",0.3,57,123," -R$622,02","R$847,35","R$0,00","R$0,00","R$27.424,56",,"R$30.579,49","R$27.424,56","R$0,00","R$30.579,49",2.16," -R$10,91","R$536,48","R$14,87","R$0,00","R$0,00","R$481,13"
"30 Jun, 2022",0.2,51,100," -R$421,50","R$936,13","R$0,00","R$0,00","R$20.812,14",,"R$22.394,85","R$20.812,14","R$0,00","R$22.394,85",1.96," -R$8,26","R$439,11","R$18,36","R$0,00","R$0,00","R$408,08"
"01 Jul, 2022",0.6,126,369," -R$10.106,93","R$2.136,48","R$0,00","R$0,00","R$64.901,58",,"R$80.841,74","R$64.901,58","R$0,00","R$80.841,74",2.93," -R$80,21","R$641,60","R$16,96","R$0,00","R$0,00","R$515,09"
"02 Jul, 2022",0.3,66,196," -R$5.026,03","R$1.205,19","R$0,00","R$0,00","R$36.257,78",,"R$42.610,57","R$36.257,78","R$0,00","R$42.610,57",2.97," -R$76,15","R$645,61","R$18,26","R$0,00","R$0,00","R$549,36"
"03 Jul, 2022",0.4,84,217," -R$5.439,22","R$1.482,06","R$0,00","R$0,00","R$42.642,52",,"R$48.292,33","R$42.642,52","R$0,00","R$48.292,33",2.58," -R$64,75","R$574,91","R$17,64","R$0,00","R$0,00","R$507,65"
"04 Jul, 2022",0.4,77,197," -R$5.233,72","R$1.405,85","R$0,00","R$0,00","R$36.161,43",,"R$41.806,33","R$36.161,43","R$0,00","R$41.806,33",2.56," -R$67,97","R$542,94","R$18,26","R$0,00","R$0,00","R$469,63"
"05 Jul, 2022",0.3,64,160," -R$3.742,03","R$1.143,92","R$0,00","R$0,00","R$28.329,77",,"R$34.719,77","R$28.329,77","R$0,00","R$34.719,77",2.5," -R$58,47","R$542,50","R$17,87","R$0,00","R$0,00","R$442,65"
"06 Jul, 2022",0.4,85,222," -R$5.472,62","R$1.443,37","R$0,00","R$0,00","R$42.188,03",,"R$48.740,85","R$42.188,03","R$0,00","R$48.740,85",2.61," -R$64,38","R$573,42","R$16,98","R$0,00","R$0,00","R$496,33"
"07 Jul, 2022",0.3,55,153," -R$3.425,34","R$1.121,23","R$0,00","R$0,00","R$30.023,76",,"R$34.485,94","R$30.023,76","R$0,00","R$34.485,94",2.78," -R$62,28","R$627,02","R$20,39","R$0,00","R$0,00","R$545,89"
"08 Jul, 2022",0.2,54,141," -R$3.574,94","R$918,93","R$0,00","R$0,00","R$26.417,67",,"R$30.990,61","R$26.417,67","R$0,00","R$30.990,61",2.61," -R$66,20","R$573,90","R$17,02","R$0,00","R$0,00","R$489,22"
"09 Jul, 2022",0.2,38,103," -R$2.457,38","R$630,66","R$0,00","R$0,00","R$20.816,89",,"R$22.924,26","R$20.816,89","R$0,00","R$22.924,26",2.71," -R$64,67","R$603,27","R$16,60","R$0,00","R$0,00","R$547,81"
"10 Jul, 2022",0.2,43,130," -R$3.209,51","R$736,25","R$0,00","R$0,00","R$26.088,39",,"R$29.783,71","R$26.088,39","R$0,00","R$29.783,71",3.02," -R$74,64","R$692,64","R$17,12","R$0,00","R$0,00","R$606,71"
"11 Jul, 2022",0.2,43,91," -R$1.994,36","R$613,63","R$0,00","R$0,00","R$15.891,90",,"R$20.625,68","R$15.891,90","R$0,00","R$20.625,68",2.12," -R$46,38","R$479,67","R$14,27","R$0,00","R$0,00","R$369,58"
"12 Jul, 2022",0.1,26,54," -R$1.067,27","R$362,21","R$0,00","R$0,00","R$11.310,53",,"R$12.273,42","R$11.310,53","R$0,00","R$12.273,42",2.08," -R$41,05","R$472,05","R$13,93","R$0,00","R$0,00","R$435,02"
"13 Jul, 2022",0.3,64,170," -R$4.791,61","R$834,51","R$0,00","R$0,00","R$32.573,08",,"R$39.255,79","R$32.573,08","R$0,00","R$39.255,79",2.66," -R$74,87","R$613,37","R$13,04","R$0,00","R$0,00","R$508,95"
"14 Jul, 2022",0.5,99,229," -R$6.567,30","R$1.316,83","R$0,00","R$0,00","R$42.935,74",,"R$52.069,70","R$42.935,74","R$0,00","R$52.069,70",2.31," -R$66,34","R$525,96","R$13,30","R$0,00","R$0,00","R$433,69"
"15 Jul, 2022",0.3,55,161," -R$5.331,84","R$841,30","R$0,00","R$0,00","R$29.991,49",,"R$37.599,14","R$29.991,49","R$0,00","R$37.599,14",2.93," -R$96,94","R$683,62","R$15,30","R$0,00","R$0,00","R$545,30"
"16 Jul, 2022",0.3,71,205," -R$6.378,89","R$1.052,60","R$0,00","R$0,00","R$38.772,74",,"R$45.581,90","R$38.772,74","R$0,00","R$45.581,90",2.89," -R$89,84","R$642,00","R$14,83","R$0,00","R$0,00","R$546,09"
"17 Jul, 2022",0.3,55,149," -R$4.738,65","R$834,62","R$0,00","R$0,00","R$31.383,55",,"R$36.829,12","R$31.383,55","R$0,00","R$36.829,12",2.71," -R$86,16","R$669,62","R$15,17","R$0,00","R$0,00","R$570,61"
"18 Jul, 2022",0.2,50,116," -R$3.149,38","R$768,56","R$0,00","R$0,00","R$22.725,91",,"R$27.500,67","R$22.725,91","R$0,00","R$27.500,67",2.32," -R$62,99","R$550,01","R$15,37","R$0,00","R$0,00","R$454,52"
"19 Jul, 2022",0.2,46,107," -R$3.089,62","R$819,48","R$0,00","R$0,00","R$19.957,05",,"R$25.710,59","R$19.957,05","R$0,00","R$25.710,59",2.33," -R$67,17","R$558,93","R$17,81","R$0,00","R$0,00","R$433,85"
"20 Jul, 2022",0.5,107,260," -R$3.355,17","R$1.754,34","R$0,00","R$0,00","R$47.832,32",,"R$52.912,40","R$47.832,32","R$0,00","R$52.912,40",2.43," -R$31,36","R$494,51","R$16,40","R$0,00","R$0,00","R$447,03"
"21 Jul, 2022",0.7,162,432," -R$584,10","R$3.065,99","R$0,00","R$0,00","R$75.629,88",,"R$78.831,80","R$75.629,88","R$0,00","R$78.831,80",2.67," -R$3,61","R$486,62","R$18,93","R$0,00","R$0,00","R$466,85"
"22 Jul, 2022",0.7,156,386," -R$497,82","R$2.772,19","R$0,00","R$0,00","R$68.398,41",,"R$72.468,40","R$68.398,41","R$0,00","R$72.468,40",2.47," -R$3,19","R$464,54","R$17,77","R$0,00","R$0,00","R$438,45"
"23 Jul, 2022",0.5,99,256," -R$412,44","R$1.753,36","R$0,00","R$0,00","R$47.090,21",,"R$46.683,35","R$47.090,21","R$0,00","R$46.683,35",2.59," -R$4,17","R$471,55","R$17,71","R$0,00","R$0,00","R$475,66"
"24 Jul, 2022",0.4,82,231," -R$371,46","R$1.401,25","R$0,00","R$0,00","R$43.211,28",,"R$43.461,40","R$43.211,28","R$0,00","R$43.461,40",2.82," -R$4,53","R$530,02","R$17,09","R$0,00","R$0,00","R$526,97"
"25 Jul, 2022",0.4,80,200," -R$432,48","R$1.344,84","R$0,00","R$0,00","R$32.001,55",,"R$34.789,60","R$32.001,55","R$0,00","R$34.789,60",2.5," -R$5,41","R$434,87","R$16,81","R$0,00","R$0,00","R$400,02"
"26 Jul, 2022",0.5,106,249," -R$536,88","R$1.607,63","R$0,00","R$0,00","R$41.766,42",,"R$45.911,40","R$41.766,42","R$0,00","R$45.911,40",2.35," -R$5,06","R$433,13","R$15,17","R$0,00","R$0,00","R$394,02"
"27 Jul, 2022",0.5,107,266," -R$487,24","R$1.599,44","R$0,00","R$0,00","R$47.907,33",,"R$49.031,00","R$47.907,33","R$0,00","R$49.031,00",2.49," -R$4,55","R$458,23","R$14,95","R$0,00","R$0,00","R$447,73"
"28 Jul, 2022",0.4,94,235," -R$198,36","R$1.802,37","R$0,00","R$0,00","R$44.181,88",,"R$44.407,60","R$44.181,88","R$0,00","R$44.407,60",2.5," -R$2,11","R$472,42","R$19,17","R$0,00","R$0,00","R$470,02"
"29 Jul, 2022",0.4,96,256," -R$456,16","R$1.360,53","R$0,00","R$0,00","R$43.224,15",,"R$48.681,10","R$43.224,15","R$0,00","R$48.681,10",2.67," -R$4,75","R$507,09","R$14,17","R$0,00","R$0,00","R$450,25"
"30 Jul, 2022",0.3,71,167," -R$112,98","R$971,03","R$0,00","R$0,00","R$27.705,67",,"R$29.220,60","R$27.705,67","R$0,00","R$29.220,60",2.35," -R$1,59","R$411,56","R$13,68","R$0,00","R$0,00","R$390,22"
"31 Jul, 2022",0.4,79,178," -R$285,64","R$1.111,22","R$0,00","R$0,00","R$33.792,48",,"R$34.331,60","R$33.792,48","R$0,00","R$34.331,60",2.25," -R$3,62","R$434,58","R$14,07","R$0,00","R$0,00","R$427,75"
"01 Aug, 2022",0.3,61,108," -R$106,98","R$797,85","R$0,00","R$0,00","R$21.136,10",,"R$21.612,40","R$21.136,10","R$0,00","R$21.612,40",1.77," -R$1,75","R$354,30","R$13,08","R$0,00","R$0,00","R$346,49"
"02 Aug, 2022",0.3,71,173," -R$415,30","R$1.087,29","R$0,00","R$0,00","R$29.325,06",,"R$31.086,40","R$29.325,06","R$0,00","R$31.086,40",2.44," -R$5,85","R$437,84","R$15,31","R$0,00","R$0,00","R$413,03"
"03 Aug, 2022",0.4,89,200," -R$163,38","R$1.205,86","R$0,00","R$0,00","R$36.011,92",,"R$38.135,35","R$36.011,92","R$0,00","R$38.135,35",2.25," -R$1,84","R$428,49","R$13,55","R$0,00","R$0,00","R$404,63"
"04 Aug, 2022",0.5,102,259," -R$364,36","R$1.392,89","R$0,00","R$0,00","R$50.210,01",,"R$52.195,80","R$50.210,01","R$0,00","R$52.195,80",2.54," -R$3,57","R$511,72","R$13,66","R$0,00","R$0,00","R$492,26"
"05 Aug, 2022",0.4,80,159," -R$304,46","R$1.073,86","R$0,00","R$0,00","R$27.954,50",,"R$29.578,80","R$27.954,50","R$0,00","R$29.578,80",1.99," -R$3,81","R$369,74","R$13,42","R$0,00","R$0,00","R$349,43"
"06 Aug, 2022",0.4,77,197," -R$418,04","R$1.130,97","R$0,00","R$0,00","R$37.883,11",,"R$38.724,60","R$37.883,11","R$0,00","R$38.724,60",2.56," -R$5,43","R$502,92","R$14,69","R$0,00","R$0,00","R$491,99"
"07 Aug, 2022",0.3,70,144," -R$163,98","R$864,21","R$0,00","R$0,00","R$25.195,76",,"R$26.270,80","R$25.195,76","R$0,00","R$26.270,80",2.06," -R$2,34","R$375,30","R$12,35","R$0,00","R$0,00","R$359,94"
"08 Aug, 2022",0.4,76,140," -R$126,36","R$877,62","R$0,00","R$0,00","R$28.418,85",,"R$28.936,80","R$28.418,85","R$0,00","R$28.936,80",1.84," -R$1,66","R$380,75","R$11,55","R$0,00","R$0,00","R$373,93"
"09 Aug, 2022",0.3,70,132," -R$214,32","R$791,77","R$0,00","R$0,00","R$26.379,20",,"R$27.538,40","R$26.379,20","R$0,00","R$27.538,40",1.89," -R$3,06","R$393,41","R$11,31","R$0,00","R$0,00","R$376,85"
"10 Aug, 2022",0.3,75,150," -R$525,80","R$1.240,16","R$0,00","R$0,00","R$27.195,38",,"R$33.481,40","R$27.195,38","R$0,00","R$33.481,40",2," -R$7,01","R$446,42","R$16,54","R$0,00","R$0,00","R$362,61"
"11 Aug, 2022",0.4,86,196," -R$179,50","R$1.306,72","R$0,00","R$0,00","R$38.772,67",,"R$41.109,40","R$38.772,67","R$0,00","R$41.109,40",2.28," -R$2,09","R$478,02","R$15,19","R$0,00","R$0,00","R$450,85"
"12 Aug, 2022",0.3,67,134," -R$57,42","R$1.071,38","R$0,00","R$0,00","R$29.186,16",,"R$30.255,60","R$29.186,16","R$0,00","R$30.255,60",2," -R$0,86","R$451,58","R$15,99","R$0,00","R$0,00","R$435,61"
"13 Aug, 2022",0.2,35,72," -R$28,98","R$390,70","R$0,00","R$0,00","R$12.549,21",,"R$14.258,40","R$12.549,21","R$0,00","R$14.258,40",2.06," -R$0,83","R$407,38","R$11,16","R$0,00","R$0,00","R$358,55"
"14 Aug, 2022",0.2,46,96," -R$277,38","R$724,91","R$0,00","R$0,00","R$21.912,06",,"R$22.392,00","R$21.912,06","R$0,00","R$22.392,00",2.09," -R$6,03","R$486,78","R$15,76","R$0,00","R$0,00","R$476,35"
"15 Aug, 2022",0.2,38,71," -R$107,48","R$479,72","R$0,00","R$0,00","R$15.503,56",,"R$16.867,60","R$15.503,56","R$0,00","R$16.867,60",1.87," -R$2,83","R$443,88","R$12,62","R$0,00","R$0,00","R$407,99"
"16 Aug, 2022",0.2,49,101," -R$316,20","R$724,12","R$0,00","R$0,00","R$21.759,44",,"R$24.319,40","R$21.759,44","R$0,00","R$24.319,40",2.06," -R$6,45","R$496,31","R$14,78","R$0,00","R$0,00","R$444,07"
"17 Aug, 2022",0.2,48,80," -R$95,40","R$570,71","R$0,00","R$0,00","R$17.215,25",,"R$20.564,80","R$17.215,25","R$0,00","R$20.564,80",1.67," -R$1,99","R$428,43","R$11,89","R$0,00","R$0,00","R$358,65"
"18 Aug, 2022",0.2,41,77," -R$198,38","R$537,12","R$0,00","R$0,00","R$17.583,94",,"R$17.384,00","R$17.583,94","R$0,00","R$17.384,00",1.88," -R$4,84","R$424,00","R$13,10","R$0,00","R$0,00","R$428,88"
"19 Aug, 2022",0.2,34,63," -R$37,80","R$431,89","R$0,00","R$0,00","R$13.543,00",,"R$15.581,40","R$13.543,00","R$0,00","R$15.581,40",1.85," -R$1,11","R$458,28","R$12,70","R$0,00","R$0,00","R$398,32"
"20 Aug, 2022",0.1,30,68," -R$68,48","R$403,23","R$0,00","R$0,00","R$13.938,98",,"R$15.245,40","R$13.938,98","R$0,00","R$15.245,40",2.27," -R$2,28","R$508,18","R$13,44","R$0,00","R$0,00","R$464,63"
"21 Aug, 2022",0.2,34,77,"R$0,00","R$396,85","R$0,00","R$0,00","R$18.527,82",,"R$19.671,00","R$18.527,82","R$0,00","R$19.671,00",2.26,"R$0,00","R$578,56","R$11,67","R$0,00","R$0,00","R$544,94"
"22 Aug, 2022",0.2,35,75," -R$184,60","R$439,86","R$0,00","R$0,00","R$19.860,41",,"R$21.583,80","R$19.860,41","R$0,00","R$21.583,80",2.14," -R$5,27","R$616,68","R$12,57","R$0,00","R$0,00","R$567,44"
"23 Aug, 2022",0.2,47,78," -R$197,68","R$447,40","R$0,00","R$0,00","R$21.803,00",,"R$22.390,40","R$21.803,00","R$0,00","R$22.390,40",1.66," -R$4,21","R$476,39","R$9,52","R$0,00","R$0,00","R$463,89"
"24 Aug, 2022",0.2,40,72," -R$126,40","R$616,09","R$0,00","R$0,00","R$17.910,37",,"R$18.776,00","R$17.910,37","R$0,00","R$18.776,00",1.8," -R$3,16","R$469,40","R$15,40","R$0,00","R$0,00","R$447,76"
"25 Aug, 2022",0.2,49,95," -R$209,26","R$494,89","R$0,00","R$0,00","R$23.188,33",,"R$26.749,80","R$23.188,33","R$0,00","R$26.749,80",1.94," -R$4,27","R$545,91","R$10,10","R$0,00","R$0,00","R$473,23"
"26 Aug, 2022",0.2,42,84," -R$27,40","R$559,87","R$0,00","R$0,00","R$21.680,45",,"R$21.669,30","R$21.680,45","R$0,00","R$21.669,30",2," -R$0,65","R$515,94","R$13,33","R$0,00","R$0,00","R$516,20"
"27 Aug, 2022",0.2,42,74," -R$129,62","R$479,80","R$0,00","R$0,00","R$16.105,70",,"R$18.070,00","R$16.105,70","R$0,00","R$18.070,00",1.76," -R$3,09","R$430,24","R$11,42","R$0,00","R$0,00","R$383,47"
"28 Aug, 2022",0.2,35,52," -R$65,80","R$418,06","R$0,00","R$0,00","R$14.460,46",,"R$14.108,20","R$14.460,46","R$0,00","R$14.108,20",1.49," -R$1,88","R$403,09","R$11,94","R$0,00","R$0,00","R$413,16"
"29 Aug, 2022",0.2,53,99," -R$269,50","R$583,63","R$0,00","R$0,00","R$22.902,24",,"R$24.478,30","R$22.902,24","R$0,00","R$24.478,30",1.87," -R$5,08","R$461,85","R$11,01","R$0,00","R$0,00","R$432,12"
"30 Aug, 2022",0.2,36,56," -R$34,20","R$315,36","R$0,00","R$0,00","R$13.801,80",,"R$15.691,00","R$13.801,80","R$0,00","R$15.691,00",1.56," -R$0,95","R$435,86","R$8,76","R$0,00","R$0,00","R$383,38"
"31 Aug, 2022",0.2,45,82," -R$312,84","R$481,85","R$0,00","R$0,00","R$17.502,23",,"R$20.919,20","R$17.502,23","R$0,00","R$20.919,20",1.82," -R$6,95","R$464,87","R$10,71","R$0,00","R$0,00","R$388,94"
"01 Sep, 2022",0.2,52,90," -R$24,96","R$633,71","R$0,00","R$0,00","R$21.293,62",,"R$23.657,40","R$21.293,62","R$0,00","R$23.657,40",1.73," -R$0,48","R$454,95","R$12,19","R$0,00","R$0,00","R$409,49"
"02 Sep, 2022",0.2,54,109," -R$38,90","R$455,85","R$0,00","R$0,00","R$27.498,96",,"R$30.982,20","R$27.498,96","R$0,00","R$30.982,20",2.02," -R$0,72","R$573,74","R$8,44","R$0,00","R$0,00","R$509,24"
"03 Sep, 2022",0.2,41,93," -R$144,44","R$458,28","R$0,00","R$0,00","R$21.895,16",,"R$22.045,40","R$21.895,16","R$0,00","R$22.045,40",2.27," -R$3,52","R$537,69","R$11,18","R$0,00","R$0,00","R$534,03"
"04 Sep, 2022",0.2,35,74," -R$192,90","R$300,32","R$0,00","R$0,00","R$20.405,51",,"R$23.011,80","R$20.405,51","R$0,00","R$23.011,80",2.11," -R$5,51","R$657,48","R$8,58","R$0,00","R$0,00","R$583,01"
"05 Sep, 2022",0.2,48,76," -R$344,16","R$415,36","R$0,00","R$0,00","R$19.254,91",,"R$22.207,40","R$19.254,91","R$0,00","R$22.207,40",1.58," -R$7,17","R$462,65","R$8,65","R$0,00","R$0,00","R$401,14"
"06 Sep, 2022",0.2,34,73," -R$534,20","R$401,02","R$0,00","R$0,00","R$18.571,28",,"R$20.366,60","R$18.571,28","R$0,00","R$20.366,60",2.15," -R$15,71","R$599,02","R$11,79","R$0,00","R$0,00","R$546,21"
"07 Sep, 2022",0.3,57,102," -R$375,22","R$640,80","R$0,00","R$0,00","R$30.197,20",,"R$30.742,59","R$30.197,20","R$0,00","R$30.742,59",1.79," -R$6,58","R$539,34","R$11,24","R$0,00","R$0,00","R$529,78"
"08 Sep, 2022",0.2,33,68," -R$263,88","R$369,24","R$0,00","R$0,00","R$14.714,66",,"R$18.468,60","R$14.714,66","R$0,00","R$18.468,60",2.06," -R$8,00","R$559,65","R$11,19","R$0,00","R$0,00","R$445,90"
"09 Sep, 2022",0.1,27,55," -R$278,90","R$236,38","R$0,00","R$0,00","R$14.874,18",,"R$16.012,40","R$14.874,18","R$0,00","R$16.012,40",2.04," -R$10,33","R$593,05","R$8,75","R$0,00","R$0,00","R$550,90"
"10 Sep, 2022",0.2,33,59," -R$173,60","R$331,05","R$0,00","R$0,00","R$17.110,42",,"R$17.386,00","R$17.110,42","R$0,00","R$17.386,00",1.79," -R$5,26","R$526,85","R$10,03","R$0,00","R$0,00","R$518,50"
"11 Sep, 2022",0.1,24,34," -R$41,00","R$341,37","R$0,00","R$0,00","R$10.224,17",,"R$10.385,00","R$10.224,17","R$0,00","R$10.385,00",1.42," -R$1,71","R$432,71","R$14,22","R$0,00","R$0,00","R$426,01"
"12 Sep, 2022",0.2,38,63," -R$440,60","R$402,12","R$0,00","R$0,00","R$19.388,52",,"R$19.806,00","R$19.388,52","R$0,00","R$19.806,00",1.66," -R$11,59","R$521,21","R$10,58","R$0,00","R$0,00","R$510,22"
"13 Sep, 2022",0.1,32,60," -R$703,40","R$326,08","R$0,00","R$0,00","R$19.449,08",,"R$20.425,00","R$19.449,08","R$0,00","R$20.425,00",1.88," -R$21,98","R$638,28","R$10,19","R$0,00","R$0,00","R$607,78"
"14 Sep, 2022",0.2,45,87," -R$491,00","R$692,88","R$0,00","R$0,00","R$22.390,17",,"R$23.635,00","R$22.390,17","R$0,00","R$23.635,00",1.93," -R$10,91","R$525,22","R$15,40","R$0,00","R$0,00","R$497,56"
"15 Sep, 2022",0.2,51,108," -R$336,40","R$718,23","R$0,00","R$0,00","R$29.656,77",,"R$32.491,00","R$29.656,77","R$0,00","R$32.491,00",2.12," -R$6,60","R$637,08","R$14,08","R$0,00","R$0,00","R$581,51"
"16 Sep, 2022",0.2,38,72," -R$581,80","R$467,56","R$0,00","R$0,00","R$19.980,98",,"R$21.252,00","R$19.980,98","R$0,00","R$21.252,00",1.89," -R$15,31","R$559,26","R$12,30","R$0,00","R$0,00","R$525,82"
"17 Sep, 2022",0.1,30,47," -R$332,30","R$352,72","R$0,00","R$0,00","R$13.100,04",,"R$13.807,00","R$13.100,04","R$0,00","R$13.807,00",1.57," -R$11,08","R$460,23","R$11,76","R$0,00","R$0,00","R$436,67"
"18 Sep, 2022",0.1,27,54," -R$417,50","R$361,43","R$0,00","R$0,00","R$16.122,93",,"R$16.432,00","R$16.122,93","R$0,00","R$16.432,00",2," -R$15,46","R$608,59","R$13,39","R$0,00","R$0,00","R$597,15"
"19 Sep, 2022",0.2,42,84," -R$99,80","R$427,45","R$0,00","R$0,00","R$23.874,81",,"R$26.161,00","R$23.874,81","R$0,00","R$26.161,00",2," -R$2,38","R$622,88","R$10,18","R$0,00","R$0,00","R$568,45"
"20 Sep, 2022",0.2,38,64," -R$334,70","R$632,78","R$0,00","R$0,00","R$15.727,99",,"R$19.559,00","R$15.727,99","R$0,00","R$19.559,00",1.68," -R$8,81","R$514,71","R$16,65","R$0,00","R$0,00","R$413,89"
"21 Sep, 2022",0.2,39,73," -R$645,50","R$259,40","R$0,00","R$0,00","R$18.948,10",,"R$21.489,00","R$18.948,10","R$0,00","R$21.489,00",1.87," -R$16,55","R$551,00","R$6,65","R$0,00","R$0,00","R$485,85"
"22 Sep, 2022",0.2,43,79," -R$844,20","R$501,06","R$0,00","R$0,00","R$21.140,50",,"R$23.444,00","R$21.140,50","R$0,00","R$23.444,00",1.84," -R$19,63","R$545,21","R$11,65","R$0,00","R$0,00","R$491,64"
"23 Sep, 2022",0.1,28,71," -R$197,50","R$257,91","R$0,00","R$0,00","R$20.156,41",,"R$20.606,00","R$20.156,41","R$0,00","R$20.606,00",2.54," -R$7,05","R$735,93","R$9,21","R$0,00","R$0,00","R$719,87"
"24 Sep, 2022",0.1,24,65," -R$92,90","R$363,35","R$0,00","R$0,00","R$16.850,74",,"R$18.390,00","R$16.850,74","R$0,00","R$18.390,00",2.71," -R$3,87","R$766,25","R$15,14","R$0,00","R$0,00","R$702,11"
"25 Sep, 2022",0.2,34,79," -R$155,10","R$535,93","R$0,00","R$0,00","R$23.134,15",,"R$23.107,00","R$23.134,15","R$0,00","R$23.107,00",2.32," -R$4,56","R$679,62","R$15,76","R$0,00","R$0,00","R$680,42"
"26 Sep, 2022",0.1,31,51," -R$570,00","R$443,24","R$0,00","R$0,00","R$14.228,04",,"R$14.760,00","R$14.228,04","R$0,00","R$14.760,00",1.65," -R$18,39","R$476,13","R$14,30","R$0,00","R$0,00","R$458,97"
"27 Sep, 2022",0.2,35,68," -R$121,60","R$530,30","R$0,00","R$0,00","R$18.324,87",,"R$19.153,00","R$18.324,87","R$0,00","R$19.153,00",1.94," -R$3,47","R$547,23","R$15,15","R$0,00","R$0,00","R$523,57"
"28 Sep, 2022",0.2,37,70," -R$236,60","R$496,93","R$0,00","R$0,00","R$18.738,88",,"R$20.514,95","R$18.738,88","R$0,00","R$20.514,95",1.89," -R$6,39","R$554,46","R$13,43","R$0,00","R$0,00","R$506,46"
"29 Sep, 2022",0.2,40,67," -R$585,80","R$423,41","R$0,00","R$0,00","R$19.748,11",,"R$22.607,00","R$19.748,11","R$0,00","R$22.607,00",1.68," -R$14,65","R$565,18","R$10,59","R$0,00","R$0,00","R$493,70"
"30 Sep, 2022",0.1,25,55," -R$220,70","R$205,08","R$0,00","R$0,00","R$14.633,98",,"R$16.617,00","R$14.633,98","R$0,00","R$16.617,00",2.2," -R$8,83","R$664,68","R$8,20","R$0,00","R$0,00","R$585,36"
"01 Oct, 2022",0.1,28,62," -R$405,80","R$242,07","R$0,00","R$0,00","R$21.122,14",,"R$22.459,00","R$21.122,14","R$0,00","R$22.459,00",2.21," -R$14,49","R$802,11","R$8,65","R$0,00","R$0,00","R$754,36"
"02 Oct, 2022",0.2,41,87," -R$623,60","R$428,68","R$0,00","R$0,00","R$28.210,80",,"R$29.355,00","R$28.210,80","R$0,00","R$29.355,00",2.12," -R$15,21","R$715,98","R$10,46","R$0,00","R$0,00","R$688,07"
"03 Oct, 2022",0.2,40,67," -R$457,30","R$564,20","R$0,00","R$0,00","R$16.481,35",,"R$19.486,00","R$16.481,35","R$0,00","R$19.486,00",1.68," -R$11,43","R$487,15","R$14,11","R$0,00","R$0,00","R$412,03"
"04 Oct, 2022",0.2,46,84," -R$224,60","R$655,10","R$0,00","R$0,00","R$21.430,46",,"R$23.433,00","R$21.430,46","R$0,00","R$23.433,00",1.83," -R$4,88","R$509,41","R$14,24","R$0,00","R$0,00","R$465,88"
"05 Oct, 2022",0.2,34,84," -R$643,40","R$365,73","R$0,00","R$0,00","R$23.007,32",,"R$26.001,00","R$23.007,32","R$0,00","R$26.001,00",2.47," -R$18,92","R$764,74","R$10,76","R$0,00","R$0,00","R$676,69"
"06 Oct, 2022",0.1,25,41," -R$229,40","R$240,17","R$0,00","R$0,00","R$12.299,69",,"R$12.461,00","R$12.299,69","R$0,00","R$12.461,00",1.64," -R$9,18","R$498,44","R$9,61","R$0,00","R$0,00","R$491,99"
"07 Oct, 2022",0.2,45,88," -R$538,20","R$404,08","R$0,00","R$0,00","R$23.478,98",,"R$26.608,00","R$23.478,98","R$0,00","R$26.608,00",1.96," -R$11,96","R$591,29","R$8,98","R$0,00","R$0,00","R$521,76"
"08 Oct, 2022",0.1,26,70," -R$275,10","R$362,83","R$0,00","R$0,00","R$21.304,08",,"R$22.162,00","R$21.304,08","R$0,00","R$22.162,00",2.69," -R$10,58","R$852,38","R$13,96","R$0,00","R$0,00","R$819,39"
"09 Oct, 2022",0.1,32,71," -R$300,60","R$476,58","R$0,00","R$0,00","R$21.186,48",,"R$21.706,00","R$21.186,48","R$0,00","R$21.706,00",2.22," -R$9,39","R$678,31","R$14,89","R$0,00","R$0,00","R$662,08"
"10 Oct, 2022",0.1,21,41," -R$131,20","R$307,22","R$0,00","R$0,00","R$11.556,45",,"R$11.892,00","R$11.556,45","R$0,00","R$11.892,00",1.95," -R$6,25","R$566,29","R$14,63","R$0,00","R$0,00","R$550,31"
"11 Oct, 2022",0.1,26,41," -R$91,30","R$346,68","R$0,00","R$0,00","R$9.640,88",,"R$12.634,00","R$9.640,88","R$0,00","R$12.634,00",1.58," -R$3,51","R$485,92","R$13,33","R$0,00","R$0,00","R$370,80"
"12 Oct, 2022",0.1,30,67," -R$131,40","R$489,19","R$0,00","R$0,00","R$19.573,75",,"R$20.542,00","R$19.573,75","R$0,00","R$20.542,00",2.23," -R$4,38","R$684,73","R$16,31","R$0,00","R$0,00","R$652,46"
"13 Oct, 2022",0.1,29,47," -R$798,00","R$323,86","R$0,00","R$0,00","R$14.036,61",,"R$15.431,00","R$14.036,61","R$0,00","R$15.431,00",1.62," -R$27,52","R$532,10","R$11,17","R$0,00","R$0,00","R$484,02"
"14 Oct, 2022",0.1,25,53," -R$78,00","R$328,20","R$0,00","R$0,00","R$15.598,05",,"R$15.702,00","R$15.598,05","R$0,00","R$15.702,00",2.12," -R$3,12","R$628,08","R$13,13","R$0,00","R$0,00","R$623,92"
"15 Oct, 2022",0.2,39,75," -R$67,90","R$391,11","R$0,00","R$0,00","R$24.413,50",,"R$24.949,00","R$24.413,50","R$0,00","R$24.949,00",1.92," -R$1,74","R$639,72","R$10,03","R$0,00","R$0,00","R$625,99"
"16 Oct, 2022",0.1,28,41," -R$28,30","R$440,47","R$0,00","R$0,00","R$14.536,17",,"R$14.124,00","R$14.536,17","R$0,00","R$14.124,00",1.46," -R$1,01","R$504,43","R$15,73","R$0,00","R$0,00","R$519,15"
"17 Oct, 2022",0.2,46,104," -R$949,50","R$603,65","R$0,00","R$0,00","R$28.884,92",,"R$31.834,00","R$28.884,92","R$0,00","R$31.834,00",2.26," -R$20,64","R$692,04","R$13,12","R$0,00","R$0,00","R$627,93"
"18 Oct, 2022",0.3,56,91," -R$598,10","R$731,49","R$0,00","R$0,00","R$28.187,57",,"R$29.642,00","R$28.187,57","R$0,00","R$29.642,00",1.63," -R$10,68","R$529,32","R$13,06","R$0,00","R$0,00","R$503,35"
"19 Oct, 2022",0.2,41,105," -R$563,30","R$507,57","R$0,00","R$0,00","R$28.924,44",,"R$31.996,00","R$28.924,44","R$0,00","R$31.996,00",2.56," -R$13,74","R$780,39","R$12,38","R$0,00","R$0,00","R$705,47"
"20 Oct, 2022",0.2,35,69," -R$636,90","R$264,83","R$0,00","R$0,00","R$20.402,17",,"R$21.267,00","R$20.402,17","R$0,00","R$21.267,00",1.97," -R$18,20","R$607,63","R$7,57","R$0,00","R$0,00","R$582,92"
"21 Oct, 2022",0.2,38,71," -R$610,40","R$478,12","R$0,00","R$0,00","R$22.919,62",,"R$24.093,00","R$22.919,62","R$0,00","R$24.093,00",1.87," -R$16,06","R$634,03","R$12,58","R$0,00","R$0,00","R$603,15"
"22 Oct, 2022",0.2,43,95," -R$387,60","R$505,29","R$0,00","R$0,00","R$30.187,25",,"R$31.046,99","R$30.187,25","R$0,00","R$31.046,99",2.21," -R$9,01","R$722,02","R$11,75","R$0,00","R$0,00","R$702,03"
"23 Oct, 2022",0.1,31,61," -R$939,70","R$278,78","R$0,00","R$0,00","R$17.491,53",,"R$18.712,00","R$17.491,53","R$0,00","R$18.712,00",1.97," -R$30,31","R$603,61","R$8,99","R$0,00","R$0,00","R$564,24"
"24 Oct, 2022",0.2,41,87," -R$1.154,00","R$535,10","R$0,00","R$0,00","R$22.744,27",,"R$27.212,00","R$22.744,27","R$0,00","R$27.212,00",2.12," -R$28,15","R$663,71","R$13,05","R$0,00","R$0,00","R$554,74"
"25 Oct, 2022",0.2,38,68," -R$785,00","R$350,24","R$0,00","R$0,00","R$18.908,71",,"R$23.819,00","R$18.908,71","R$0,00","R$23.819,00",1.79," -R$20,66","R$626,82","R$9,22","R$0,00","R$0,00","R$497,60"
"26 Oct, 2022",0.2,36,97," -R$910,50","R$286,66","R$0,00","R$0,00","R$27.717,84",,"R$29.970,00","R$27.717,84","R$0,00","R$29.970,00",2.69," -R$25,29","R$832,50","R$7,96","R$0,00","R$0,00","R$769,94"
"27 Oct, 2022",0.2,34,63," -R$695,80","R$405,92","R$0,00","R$0,00","R$19.629,25",,"R$21.353,00","R$19.629,25","R$0,00","R$21.353,00",1.85," -R$20,46","R$628,03","R$11,94","R$0,00","R$0,00","R$577,33"
"28 Oct, 2022",0.2,41,90," -R$1.388,00","R$470,82","R$0,00","R$0,00","R$25.332,73",,"R$28.111,00","R$25.332,73","R$0,00","R$28.111,00",2.2," -R$33,85","R$685,63","R$11,48","R$0,00","R$0,00","R$617,87"
"29 Oct, 2022",0.2,34,61," -R$612,60","R$384,51","R$0,00","R$0,00","R$17.840,19",,"R$18.653,00","R$17.840,19","R$0,00","R$18.653,00",1.79," -R$18,02","R$548,62","R$11,31","R$0,00","R$0,00","R$524,71"
"30 Oct, 2022",0.1,23,36," -R$49,70","R$245,72","R$0,00","R$0,00","R$11.343,77",,"R$11.906,00","R$11.343,77","R$0,00","R$11.906,00",1.57," -R$2,16","R$517,65","R$10,68","R$0,00","R$0,00","R$493,21"
"31 Oct, 2022",0.2,34,53," -R$445,60","R$382,71","R$0,00","R$0,00","R$14.608,66",,"R$17.513,00","R$14.608,66","R$0,00","R$17.513,00",1.56," -R$13,11","R$515,09","R$11,26","R$0,00","R$0,00","R$429,67"
"01 Nov, 2022",0.2,37,76," -R$580,80","R$370,89","R$0,00","R$0,00","R$18.639,39",,"R$21.666,00","R$18.639,39","R$0,00","R$21.666,00",2.05," -R$15,70","R$585,57","R$10,02","R$0,00","R$0,00","R$503,77"
"02 Nov, 2022",0.2,35,72," -R$421,20","R$359,74","R$0,00","R$0,00","R$23.153,78",,"R$24.111,00","R$23.153,78","R$0,00","R$24.111,00",2.06," -R$12,03","R$688,89","R$10,28","R$0,00","R$0,00","R$661,54"
"03 Nov, 2022",0.2,37,68," -R$1.014,50","R$312,51","R$0,00","R$0,00","R$19.887,31",,"R$21.986,00","R$19.887,31","R$0,00","R$21.986,00",1.84," -R$27,42","R$594,22","R$8,45","R$0,00","R$0,00","R$537,49"
"04 Nov, 2022",0.2,34,67," -R$968,70","R$407,53","R$0,00","R$0,00","R$20.174,28",,"R$23.346,00","R$20.174,28","R$0,00","R$23.346,00",1.97," -R$28,49","R$686,65","R$11,99","R$0,00","R$0,00","R$593,36"
"05 Nov, 2022",0.1,32,55," -R$314,70","R$237,70","R$0,00","R$0,00","R$15.336,65",,"R$16.396,00","R$15.336,65","R$0,00","R$16.396,00",1.72," -R$9,83","R$512,38","R$7,43","R$0,00","R$0,00","R$479,27"
"06 Nov, 2022",0.1,29,57," -R$343,50","R$340,07","R$0,00","R$0,00","R$17.665,16",,"R$18.064,00","R$17.665,16","R$0,00","R$18.064,00",1.97," -R$11,84","R$622,90","R$11,73","R$0,00","R$0,00","R$609,14"
"07 Nov, 2022",0.2,35,67," -R$842,20","R$487,07","R$0,00","R$0,00","R$18.281,02",,"R$20.309,99","R$18.281,02","R$0,00","R$20.309,99",1.91," -R$24,06","R$580,29","R$13,92","R$0,00","R$0,00","R$522,31"
"08 Nov, 2022",0.2,34,64," -R$826,20","R$247,00","R$0,00","R$0,00","R$18.822,66",,"R$21.991,00","R$18.822,66","R$0,00","R$21.991,00",1.88," -R$24,30","R$646,79","R$7,26","R$0,00","R$0,00","R$553,61"
"09 Nov, 2022",0.2,46,67," -R$574,30","R$421,52","R$0,00","R$0,00","R$22.166,22",,"R$23.317,00","R$22.166,22","R$0,00","R$23.317,00",1.46," -R$12,48","R$506,89","R$9,16","R$0,00","R$0,00","R$481,87"
"10 Nov, 2022",0.2,51,84," -R$753,10","R$550,26","R$0,00","R$0,00","R$26.530,21",,"R$26.828,00","R$26.530,21","R$0,00","R$26.828,00",1.65," -R$14,77","R$526,04","R$10,79","R$0,00","R$0,00","R$520,20"
"11 Nov, 2022",0.2,33,64," -R$340,20","R$313,36","R$0,00","R$0,00","R$16.285,81",,"R$21.329,00","R$16.285,81","R$0,00","R$21.329,00",1.94," -R$10,31","R$646,33","R$9,50","R$0,00","R$0,00","R$493,51"
"12 Nov, 2022",0.1,28,57," -R$726,40","R$379,00","R$0,00","R$0,00","R$15.908,32",,"R$17.210,00","R$15.908,32","R$0,00","R$17.210,00",2.04," -R$25,94","R$614,64","R$13,54","R$0,00","R$0,00","R$568,15"
"13 Nov, 2022",0.1,24,51," -R$400,20","R$287,29","R$0,00","R$0,00","R$15.136,09",,"R$18.484,00","R$15.136,09","R$0,00","R$18.484,00",2.13," -R$16,68","R$770,17","R$11,97","R$0,00","R$0,00","R$630,67"
"14 Nov, 2022",0.1,31,82," -R$650,30","R$412,84","R$0,00","R$0,00","R$21.566,54",,"R$21.804,00","R$21.566,54","R$0,00","R$21.804,00",2.65," -R$20,98","R$703,35","R$13,32","R$0,00","R$0,00","R$695,69"
"15 Nov, 2022",0.2,33,61," -R$383,14","R$430,80","R$0,00","R$0,00","R$14.239,17",,"R$17.179,40","R$14.239,17","R$0,00","R$17.179,40",1.85," -R$11,61","R$520,59","R$13,05","R$0,00","R$0,00","R$431,49"
"16 Nov, 2022",0.1,27,47," -R$385,40","R$382,00","R$0,00","R$0,00","R$12.773,90",,"R$14.605,30","R$12.773,90","R$0,00","R$14.605,30",1.74," -R$14,27","R$540,94","R$14,15","R$0,00","R$0,00","R$473,11"
"17 Nov, 2022",0.2,39,97," -R$475,10","R$586,13","R$0,00","R$0,00","R$26.936,32",,"R$28.807,79","R$26.936,32","R$0,00","R$28.807,79",2.49," -R$12,18","R$738,66","R$15,03","R$0,00","R$0,00","R$690,67"
"18 Nov, 2022",0.2,47,89," -R$778,53","R$459,19","R$0,00","R$0,00","R$31.448,42",,"R$33.079,20","R$31.448,42","R$0,00","R$33.079,20",1.89," -R$16,56","R$703,81","R$9,77","R$0,00","R$0,00","R$669,12"
"19 Nov, 2022",0.2,48,105," -R$1.366,10","R$311,52","R$0,00","R$0,00","R$33.533,57",,"R$36.535,15","R$33.533,57","R$0,00","R$36.535,15",2.19," -R$28,46","R$761,15","R$6,49","R$0,00","R$0,00","R$698,62"
"20 Nov, 2022",0.1,30,49," -R$545,90","R$482,20","R$0,00","R$0,00","R$16.765,70",,"R$17.082,40","R$16.765,70","R$0,00","R$17.082,40",1.63," -R$18,20","R$569,41","R$16,07","R$0,00","R$0,00","R$558,86"
"21 Nov, 2022",0.3,56,106," -R$1.537,04","R$510,52","R$0,00","R$0,00","R$34.442,22",,"R$36.609,40","R$34.442,22","R$0,00","R$36.609,40",1.89," -R$27,45","R$653,74","R$9,12","R$0,00","R$0,00","R$615,04"
"22 Nov, 2022",0.2,51,120," -R$1.183,13","R$675,40","R$0,00","R$0,00","R$35.218,66",,"R$38.319,01","R$35.218,66","R$0,00","R$38.319,01",2.35," -R$23,20","R$751,35","R$13,24","R$0,00","R$0,00","R$690,56"
"23 Nov, 2022",0.2,44,79," -R$567,52","R$499,26","R$0,00","R$0,00","R$24.915,41",,"R$26.096,55","R$24.915,41","R$0,00","R$26.096,55",1.8," -R$12,90","R$593,10","R$11,35","R$0,00","R$0,00","R$566,26"
"24 Nov, 2022",0.2,45,66," -R$448,90","R$632,40","R$0,00","R$0,00","R$18.679,53",,"R$21.152,00","R$18.679,53","R$0,00","R$21.152,00",1.47," -R$9,98","R$470,04","R$14,05","R$0,00","R$0,00","R$415,10"
"25 Nov, 2022",0.2,52,140," -R$1.793,24","R$522,22","R$0,00","R$0,00","R$37.384,22",,"R$41.630,50","R$37.384,22","R$0,00","R$41.630,50",2.69," -R$34,49","R$800,59","R$10,04","R$0,00","R$0,00","R$718,93"
"26 Nov, 2022",0.2,53,95," -R$765,60","R$590,23","R$0,00","R$0,00","R$29.690,37",,"R$31.173,49","R$29.690,37","R$0,00","R$31.173,49",1.79," -R$14,45","R$588,18","R$11,14","R$0,00","R$0,00","R$560,20"
"27 Nov, 2022",0.3,63,96," -R$891,10","R$679,88","R$0,00","R$0,00","R$31.932,48",,"R$33.782,70","R$31.932,48","R$0,00","R$33.782,70",1.52," -R$14,14","R$536,23","R$10,79","R$0,00","R$0,00","R$506,86"
"28 Nov, 2022",0.2,40,78," -R$887,20","R$482,51","R$0,00","R$0,00","R$23.542,14",,"R$24.940,99","R$23.542,14","R$0,00","R$24.940,99",1.95," -R$22,18","R$623,52","R$12,06","R$0,00","R$0,00","R$588,55"
"29 Nov, 2022",0.2,41,68," -R$372,50","R$598,57","R$0,00","R$0,00","R$17.533,02",,"R$20.539,45","R$17.533,02","R$0,00","R$20.539,45",1.66," -R$9,09","R$500,96","R$14,60","R$0,00","R$0,00","R$427,63"
"30 Nov, 2022",0.2,46,70," -R$778,20","R$476,43","R$0,00","R$0,00","R$24.936,17",,"R$26.399,80","R$24.936,17","R$0,00","R$26.399,80",1.52," -R$16,92","R$573,91","R$10,36","R$0,00","R$0,00","R$542,09"
"01 Dec, 2022",0.3,56,87," -R$1.147,40","R$820,63","R$0,00","R$0,00","R$28.684,68",,"R$33.423,40","R$28.684,68","R$0,00","R$33.423,40",1.55," -R$20,49","R$596,85","R$14,65","R$0,00","R$0,00","R$512,23"
"02 Dec, 2022",0.2,43,84," -R$409,26","R$476,06","R$0,00","R$0,00","R$24.842,38",,"R$27.236,55","R$24.842,38","R$0,00","R$27.236,55",1.95," -R$9,52","R$633,41","R$11,07","R$0,00","R$0,00","R$577,73"
"03 Dec, 2022",0.2,50,78," -R$613,10","R$484,45","R$0,00","R$0,00","R$26.051,44",,"R$28.265,00","R$26.051,44","R$0,00","R$28.265,00",1.56," -R$12,26","R$565,30","R$9,69","R$0,00","R$0,00","R$521,03"
"04 Dec, 2022",0.2,45,84," -R$642,29","R$518,19","R$0,00","R$0,00","R$23.747,96",,"R$25.002,28","R$23.747,96","R$0,00","R$25.002,28",1.87," -R$14,27","R$555,61","R$11,52","R$0,00","R$0,00","R$527,73"
"05 Dec, 2022",0.2,44,68," -R$540,73","R$487,53","R$0,00","R$0,00","R$24.828,33",,"R$28.653,84","R$24.828,33","R$0,00","R$28.653,84",1.55," -R$12,29","R$651,22","R$11,08","R$0,00","R$0,00","R$564,28"
"06 Dec, 2022",0.3,56,100," -R$1.049,63","R$530,70","R$0,00","R$0,00","R$28.644,76",,"R$29.752,69","R$28.644,76","R$0,00","R$29.752,69",1.79," -R$18,74","R$531,30","R$9,48","R$0,00","R$0,00","R$511,51"
"07 Dec, 2022",0.2,35,84," -R$1.418,30","R$405,27","R$0,00","R$0,00","R$24.601,62",,"R$26.696,15","R$24.601,62","R$0,00","R$26.696,15",2.4," -R$40,52","R$762,75","R$11,58","R$0,00","R$0,00","R$702,90"
"08 Dec, 2022",0.2,35,66," -R$630,02","R$270,93","R$0,00","R$0,00","R$20.253,56",,"R$21.163,15","R$20.253,56","R$0,00","R$21.163,15",1.89," -R$18,00","R$604,66","R$7,74","R$0,00","R$0,00","R$578,67"
"09 Dec, 2022",0.2,42,69," -R$458,50","R$469,02","R$0,00","R$0,00","R$18.952,64",,"R$21.924,00","R$18.952,64","R$0,00","R$21.924,00",1.64," -R$10,92","R$522,00","R$11,17","R$0,00","R$0,00","R$451,25"
"10 Dec, 2022",0.2,34,50," -R$571,33","R$447,30","R$0,00","R$0,00","R$17.090,66",,"R$18.286,95","R$17.090,66","R$0,00","R$18.286,95",1.47," -R$16,80","R$537,85","R$13,16","R$0,00","R$0,00","R$502,67"
"11 Dec, 2022",0.2,33,54," -R$429,22","R$304,69","R$0,00","R$0,00","R$16.386,42",,"R$18.105,15","R$16.386,42","R$0,00","R$18.105,15",1.64," -R$13,01","R$548,64","R$9,23","R$0,00","R$0,00","R$496,56"
"12 Dec, 2022",0.2,54,96," -R$481,69","R$823,91","R$0,00","R$0,00","R$28.941,49",,"R$30.732,24","R$28.941,49","R$0,00","R$30.732,24",1.78," -R$8,92","R$569,12","R$15,26","R$0,00","R$0,00","R$535,95"
"13 Dec, 2022",0.2,46,74," -R$419,60","R$740,12","R$0,00","R$0,00","R$23.146,12",,"R$24.723,40","R$23.146,12","R$0,00","R$24.723,40",1.61," -R$9,12","R$537,47","R$16,09","R$0,00","R$0,00","R$503,18"
"14 Dec, 2022",0.2,49,88," -R$598,70","R$651,09","R$0,00","R$0,00","R$24.382,44",,"R$29.051,65","R$24.382,44","R$0,00","R$29.051,65",1.8," -R$12,22","R$592,89","R$13,29","R$0,00","R$0,00","R$497,60"
"15 Dec, 2022",0.2,48,74," -R$685,20","R$521,00","R$0,00","R$0,00","R$19.385,23",,"R$22.553,55","R$19.385,23","R$0,00","R$22.553,55",1.54," -R$14,28","R$469,87","R$10,85","R$0,00","R$0,00","R$403,86"
"16 Dec, 2022",0.2,52,106," -R$873,20","R$549,22","R$0,00","R$0,00","R$33.276,61",,"R$33.959,69","R$33.276,61","R$0,00","R$33.959,69",2.04," -R$16,79","R$653,07","R$10,56","R$0,00","R$0,00","R$639,93"
"17 Dec, 2022",0.2,37,101," -R$1.018,60","R$283,78","R$0,00","R$0,00","R$28.956,28",,"R$32.822,10","R$28.956,28","R$0,00","R$32.822,10",2.73," -R$27,53","R$887,08","R$7,67","R$0,00","R$0,00","R$782,60"
"18 Dec, 2022",0.1,32,51," -R$416,30","R$291,43","R$0,00","R$0,00","R$16.512,05",,"R$16.963,10","R$16.512,05","R$0,00","R$16.963,10",1.59," -R$13,01","R$530,10","R$9,11","R$0,00","R$0,00","R$516,00"
"19 Dec, 2022",0.2,41,68," -R$711,60","R$380,20","R$0,00","R$0,00","R$20.997,00",,"R$21.903,30","R$20.997,00","R$0,00","R$21.903,30",1.66," -R$17,36","R$534,23","R$9,27","R$0,00","R$0,00","R$512,12"
"20 Dec, 2022",0.1,26,50," -R$383,00","R$180,56","R$0,00","R$0,00","R$13.900,46",,"R$14.556,15","R$13.900,46","R$0,00","R$14.556,15",1.92," -R$14,73","R$559,85","R$6,94","R$0,00","R$0,00","R$534,63"
"21 Dec, 2022",0.1,32,56," -R$370,00","R$292,68","R$0,00","R$0,00","R$17.002,87",,"R$17.809,60","R$17.002,87","R$0,00","R$17.809,60",1.75," -R$11,56","R$556,55","R$9,15","R$0,00","R$0,00","R$531,34"
"22 Dec, 2022",0.1,27,39," -R$445,40","R$308,87","R$0,00","R$0,00","R$14.020,47",,"R$14.350,00","R$14.020,47","R$0,00","R$14.350,00",1.44," -R$16,50","R$531,48","R$11,44","R$0,00","R$0,00","R$519,28"
"23 Dec, 2022",0.1,21,35," -R$209,90","R$149,59","R$0,00","R$0,00","R$9.363,19",,"R$12.187,00","R$9.363,19","R$0,00","R$12.187,00",1.67," -R$10,00","R$580,33","R$7,12","R$0,00","R$0,00","R$445,87"
"24 Dec, 2022",0.1,16,28," -R$80,00","R$146,45","R$0,00","R$0,00","R$10.114,45",,"R$10.048,00","R$10.114,45","R$0,00","R$10.048,00",1.75," -R$5,00","R$628,00","R$9,15","R$0,00","R$0,00","R$632,15"
"25 Dec, 2022",0.1,18,28," -R$123,30","R$258,44","R$0,00","R$0,00","R$8.139,59",,"R$8.379,00","R$8.139,59","R$0,00","R$8.379,00",1.56," -R$6,85","R$465,50","R$14,36","R$0,00","R$0,00","R$452,20"
"26 Dec, 2022",0.1,30,63," -R$515,70","R$264,57","R$0,00","R$0,00","R$21.446,17",,"R$21.697,30","R$21.446,17","R$0,00","R$21.697,30",2.1," -R$17,19","R$723,24","R$8,82","R$0,00","R$0,00","R$714,87"
"27 Dec, 2022",0.1,20,61," -R$441,00","R$204,10","R$0,00","R$0,00","R$19.371,47",,"R$19.851,00","R$19.371,47","R$0,00","R$19.851,00",3.05," -R$22,05","R$992,55","R$10,21","R$0,00","R$0,00","R$968,57"
"28 Dec, 2022",0.1,29,36," -R$177,50","R$241,50","R$0,00","R$0,00","R$11.368,48",,"R$12.612,00","R$11.368,48","R$0,00","R$12.612,00",1.24," -R$6,12","R$434,90","R$8,33","R$0,00","R$0,00","R$392,02"
"29 Dec, 2022",0.1,20,34," -R$445,30","R$213,95","R$0,00","R$0,00","R$9.688,65",,"R$10.234,00","R$9.688,65","R$0,00","R$10.234,00",1.7," -R$22,27","R$511,70","R$10,70","R$0,00","R$0,00","R$484,43"
"30 Dec, 2022",0.1,16,32," -R$107,70","R$120,40","R$0,00","R$0,00","R$11.251,70",,"R$11.239,00","R$11.251,70","R$0,00","R$11.239,00",2," -R$6,73","R$702,44","R$7,53","R$0,00","R$0,00","R$703,23"
"31 Dec, 2022",0.1,11,21,"R$0,00","R$63,75","R$0,00","R$0,00","R$5.457,75",,"R$6.354,00","R$5.457,75","R$0,00","R$6.354,00",1.91,"R$0,00","R$577,64","R$5,80","R$0,00","R$0,00","R$496,16"
Total,100.0,21654,47310," -R$472.831,17","R$295.636,34",,,"R$10.037.638,54",,"R$11.068.266,21","R$10.037.638,54",,"R$11.068.266,21",2.18," -R$21,84","R$511,14","R$13,65",,,"R$463,55"
